Workbook

Sheet Hướng dẫn
A1: CHECKLIST TỰ ĐÁNH GIÁ AN NINH MẠNG HTTT THEO CẤP ĐỘ (TCVN 14423:2026)
A2: Tóm lược để tra cứu; khi lập hồ sơ phải đối chiếu bản chính thức TCVN 14423:2026 (mua tại VSQI). Cột yêu cầu là diễn giải ngắn, không phải nguyên văn tiêu chuẩn.
A4: Tổ chức (chủ quản) | B4: {{TEN_TO_CHUC}}
A5: Hệ thống thông tin | B5: {{TEN_HE_THONG}}
A6: Cấp độ | B6: {{CAP_DO}}
A7: Người đánh giá (bộ phận độc lập — NĐ 331 Đ31.2.c) | B7: {{DON_VI_DANH_GIA_DOC_LAP}}
A8: Ngày đánh giá
A10: 1. Chọn sheet đúng cấp độ của hệ thống (Cấp 1 … Cấp 5). Mỗi dòng là một yêu cầu TCVN, tóm lược.
A11: 2. Ô tô vàng là ô cần điền. Cột 'Kết quả' chọn từ danh sách: Đạt · Một phần · Chưa · N/A.
A12: 3. Mọi N/A phải ghi lý do ở cột 'Ghi chú'; dùng phương án tương đương thì mô tả biện pháp thay thế.
A13: 4. Dòng 'Chưa' / 'Một phần': ghi Người phụ trách và Hạn khắc phục — đây là kế hoạch khắc phục trong hồ sơ cấp độ.
A14: 5. Sheet 'Tổng hợp' tự tính theo công thức; % Đạt = Đạt / (Tổng số dòng − N/A).
A15: 6. Cột 'Ghi chú' có sẵn nhãn 'Mới/khác so với cấp N-1' để thấy phần tăng thêm khi nâng cấp.
A16: Nguồn: docs/03-yeu-cau-theo-cap-do/checklist-cap-*.md (repo vn-cyber-compliance). Căn cứ: NĐ 331/2026/NĐ-CP Đ28.4, Đ29.1, Đ30.1.
A18: Ví dụ một dòng đã điền:
A19: Mục TCVN | B19: Yêu cầu (tóm lược) | C19: Kết quả | D19: Bằng chứng cần lưu | E19: Ghi chú | F19: Người phụ trách | G19: Hạn khắc phục
A20: 5.6.2.4 | B20: Xác thực đa yếu tố cho tài khoản quản trị | C20: Một phần | D20: Ảnh cấu hình MFA trên cổng quản trị | E20: Chưa áp dụng cho truy cập SSH | F20: {{DON_VI_VAN_HANH}} | G20: 30/11/2026

Sheet Tổng hợp
A1: TỔNG HỢP KẾT QUẢ TỰ ĐÁNH GIÁ
A2: Tự tính từ các sheet Cấp 1–5. % Đạt = Đạt / (Tổng − N/A).
A4: Cấp độ | B4: Nhóm | C4: Tên nhóm | D4: Số yêu cầu | E4: Đạt | F4: Một phần | G4: Chưa | H4: N/A | I4: Chưa điền | J4: % Đạt
A5: Cấp 1 | B5: 3.1 | C5: Quản lý rủi ro an ninh mạng | D5: =COUNTIFS('Cấp 1'!$A$5:$A$113,B5) | E5: =COUNTIFS('Cấp 1'!$A$5:$A$113,B5,'Cấp 1'!$E$5:$E$113,"Đạt") | F5: =COUNTIFS('Cấp 1'!$A$5:$A$113,B5,'Cấp 1'!$E$5:$E$113,"Một phần") | G5: =COUNTIFS('Cấp 1'!$A$5:$A$113,B5,'Cấp 1'!$E$5:$E$113,"Chưa") | H5: =COUNTIFS('Cấp 1'!$A$5:$A$113,B5,'Cấp 1'!$E$5:$E$113,"N/A") | I5: =D5-SUM(E5:H5) | J5: =IF(D5-H5=0,"",E5/(D5-H5))
A6: Cấp 1 | B6: 3.2 | C6: Quản lý tài sản phần cứng | D6: =COUNTIFS('Cấp 1'!$A$5:$A$113,B6) | E6: =COUNTIFS('Cấp 1'!$A$5:$A$113,B6,'Cấp 1'!$E$5:$E$113,"Đạt") | F6: =COUNTIFS('Cấp 1'!$A$5:$A$113,B6,'Cấp 1'!$E$5:$E$113,"Một phần") | G6: =COUNTIFS('Cấp 1'!$A$5:$A$113,B6,'Cấp 1'!$E$5:$E$113,"Chưa") | H6: =COUNTIFS('Cấp 1'!$A$5:$A$113,B6,'Cấp 1'!$E$5:$E$113,"N/A") | I6: =D6-SUM(E6:H6) | J6: =IF(D6-H6=0,"",E6/(D6-H6))
A7: Cấp 1 | B7: 3.3 | C7: Quản lý tài sản phần mềm | D7: =COUNTIFS('Cấp 1'!$A$5:$A$113,B7) | E7: =COUNTIFS('Cấp 1'!$A$5:$A$113,B7,'Cấp 1'!$E$5:$E$113,"Đạt") | F7: =COUNTIFS('Cấp 1'!$A$5:$A$113,B7,'Cấp 1'!$E$5:$E$113,"Một phần") | G7: =COUNTIFS('Cấp 1'!$A$5:$A$113,B7,'Cấp 1'!$E$5:$E$113,"Chưa") | H7: =COUNTIFS('Cấp 1'!$A$5:$A$113,B7,'Cấp 1'!$E$5:$E$113,"N/A") | I7: =D7-SUM(E7:H7) | J7: =IF(D7-H7=0,"",E7/(D7-H7))
A8: Cấp 1 | B8: 3.4 | C8: Quản lý tài sản thông tin | D8: =COUNTIFS('Cấp 1'!$A$5:$A$113,B8) | E8: =COUNTIFS('Cấp 1'!$A$5:$A$113,B8,'Cấp 1'!$E$5:$E$113,"Đạt") | F8: =COUNTIFS('Cấp 1'!$A$5:$A$113,B8,'Cấp 1'!$E$5:$E$113,"Một phần") | G8: =COUNTIFS('Cấp 1'!$A$5:$A$113,B8,'Cấp 1'!$E$5:$E$113,"Chưa") | H8: =COUNTIFS('Cấp 1'!$A$5:$A$113,B8,'Cấp 1'!$E$5:$E$113,"N/A") | I8: =D8-SUM(E8:H8) | J8: =IF(D8-H8=0,"",E8/(D8-H8))
A9: Cấp 1 | B9: 3.5 | C9: Cấu hình an toàn phần cứng, phần mềm | D9: =COUNTIFS('Cấp 1'!$A$5:$A$113,B9) | E9: =COUNTIFS('Cấp 1'!$A$5:$A$113,B9,'Cấp 1'!$E$5:$E$113,"Đạt") | F9: =COUNTIFS('Cấp 1'!$A$5:$A$113,B9,'Cấp 1'!$E$5:$E$113,"Một phần") | G9: =COUNTIFS('Cấp 1'!$A$5:$A$113,B9,'Cấp 1'!$E$5:$E$113,"Chưa") | H9: =COUNTIFS('Cấp 1'!$A$5:$A$113,B9,'Cấp 1'!$E$5:$E$113,"N/A") | I9: =D9-SUM(E9:H9) | J9: =IF(D9-H9=0,"",E9/(D9-H9))
A10: Cấp 1 | B10: 3.6 | C10: Quản lý tài khoản và quyền truy cập | D10: =COUNTIFS('Cấp 1'!$A$5:$A$113,B10) | E10: =COUNTIFS('Cấp 1'!$A$5:$A$113,B10,'Cấp 1'!$E$5:$E$113,"Đạt") | F10: =COUNTIFS('Cấp 1'!$A$5:$A$113,B10,'Cấp 1'!$E$5:$E$113,"Một phần") | G10: =COUNTIFS('Cấp 1'!$A$5:$A$113,B10,'Cấp 1'!$E$5:$E$113,"Chưa") | H10: =COUNTIFS('Cấp 1'!$A$5:$A$113,B10,'Cấp 1'!$E$5:$E$113,"N/A") | I10: =D10-SUM(E10:H10) | J10: =IF(D10-H10=0,"",E10/(D10-H10))
A11: Cấp 1 | B11: 3.7 | C11: Quản lý lỗ hổng bảo mật | D11: =COUNTIFS('Cấp 1'!$A$5:$A$113,B11) | E11: =COUNTIFS('Cấp 1'!$A$5:$A$113,B11,'Cấp 1'!$E$5:$E$113,"Đạt") | F11: =COUNTIFS('Cấp 1'!$A$5:$A$113,B11,'Cấp 1'!$E$5:$E$113,"Một phần") | G11: =COUNTIFS('Cấp 1'!$A$5:$A$113,B11,'Cấp 1'!$E$5:$E$113,"Chưa") | H11: =COUNTIFS('Cấp 1'!$A$5:$A$113,B11,'Cấp 1'!$E$5:$E$113,"N/A") | I11: =D11-SUM(E11:H11) | J11: =IF(D11-H11=0,"",E11/(D11-H11))
A12: Cấp 1 | B12: 3.8 | C12: Quản lý nhật ký an ninh mạng | D12: =COUNTIFS('Cấp 1'!$A$5:$A$113,B12) | E12: =COUNTIFS('Cấp 1'!$A$5:$A$113,B12,'Cấp 1'!$E$5:$E$113,"Đạt") | F12: =COUNTIFS('Cấp 1'!$A$5:$A$113,B12,'Cấp 1'!$E$5:$E$113,"Một phần") | G12: =COUNTIFS('Cấp 1'!$A$5:$A$113,B12,'Cấp 1'!$E$5:$E$113,"Chưa") | H12: =COUNTIFS('Cấp 1'!$A$5:$A$113,B12,'Cấp 1'!$E$5:$E$113,"N/A") | I12: =D12-SUM(E12:H12) | J12: =IF(D12-H12=0,"",E12/(D12-H12))
A13: Cấp 1 | B13: 3.9 | C13: Bảo vệ trình duyệt web, thư điện tử | D13: =COUNTIFS('Cấp 1'!$A$5:$A$113,B13) | E13: =COUNTIFS('Cấp 1'!$A$5:$A$113,B13,'Cấp 1'!$E$5:$E$113,"Đạt") | F13: =COUNTIFS('Cấp 1'!$A$5:$A$113,B13,'Cấp 1'!$E$5:$E$113,"Một phần") | G13: =COUNTIFS('Cấp 1'!$A$5:$A$113,B13,'Cấp 1'!$E$5:$E$113,"Chưa") | H13: =COUNTIFS('Cấp 1'!$A$5:$A$113,B13,'Cấp 1'!$E$5:$E$113,"N/A") | I13: =D13-SUM(E13:H13) | J13: =IF(D13-H13=0,"",E13/(D13-H13))
A14: Cấp 1 | B14: 3.10 | C14: Phòng chống phần mềm độc hại | D14: =COUNTIFS('Cấp 1'!$A$5:$A$113,B14) | E14: =COUNTIFS('Cấp 1'!$A$5:$A$113,B14,'Cấp 1'!$E$5:$E$113,"Đạt") | F14: =COUNTIFS('Cấp 1'!$A$5:$A$113,B14,'Cấp 1'!$E$5:$E$113,"Một phần") | G14: =COUNTIFS('Cấp 1'!$A$5:$A$113,B14,'Cấp 1'!$E$5:$E$113,"Chưa") | H14: =COUNTIFS('Cấp 1'!$A$5:$A$113,B14,'Cấp 1'!$E$5:$E$113,"N/A") | I14: =D14-SUM(E14:H14) | J14: =IF(D14-H14=0,"",E14/(D14-H14))
A15: Cấp 1 | B15: 3.11 | C15: Sao lưu và khôi phục dữ liệu | D15: =COUNTIFS('Cấp 1'!$A$5:$A$113,B15) | E15: =COUNTIFS('Cấp 1'!$A$5:$A$113,B15,'Cấp 1'!$E$5:$E$113,"Đạt") | F15: =COUNTIFS('Cấp 1'!$A$5:$A$113,B15,'Cấp 1'!$E$5:$E$113,"Một phần") | G15: =COUNTIFS('Cấp 1'!$A$5:$A$113,B15,'Cấp 1'!$E$5:$E$113,"Chưa") | H15: =COUNTIFS('Cấp 1'!$A$5:$A$113,B15,'Cấp 1'!$E$5:$E$113,"N/A") | I15: =D15-SUM(E15:H15) | J15: =IF(D15-H15=0,"",E15/(D15-H15))
A16: Cấp 1 | B16: 3.12 | C16: Quản lý hạ tầng mạng | D16: =COUNTIFS('Cấp 1'!$A$5:$A$113,B16) | E16: =COUNTIFS('Cấp 1'!$A$5:$A$113,B16,'Cấp 1'!$E$5:$E$113,"Đạt") | F16: =COUNTIFS('Cấp 1'!$A$5:$A$113,B16,'Cấp 1'!$E$5:$E$113,"Một phần") | G16: =COUNTIFS('Cấp 1'!$A$5:$A$113,B16,'Cấp 1'!$E$5:$E$113,"Chưa") | H16: =COUNTIFS('Cấp 1'!$A$5:$A$113,B16,'Cấp 1'!$E$5:$E$113,"N/A") | I16: =D16-SUM(E16:H16) | J16: =IF(D16-H16=0,"",E16/(D16-H16))
... A19: Cấp 1 | B19: 3.15 | C19: Quản trị ứng phó sự cố an ninh mạng | D19: =COUNTIFS('Cấp 1'!$A$5:$A$113,B19) | E19: =COUNTIFS('Cấp 1'!$A$5:$A$113,B19,'Cấp 1'!$E$5:$E$113,"Đạt") | F19: =COUNTIFS('Cấp 1'!$A$5:$A$113,B19,'Cấp 1'!$E$5:$E$113,"Một phần") | G19: =COUNTIFS('Cấp 1'!$A$5:$A$113,B19,'Cấp 1'!$E$5:$E$113,"Chưa") | H19: =COUNTIFS('Cấp 1'!$A$5:$A$113,B19,'Cấp 1'!$E$5:$E$113,"N/A") | I19: =D19-SUM(E19:H19) | J19: =IF(D19-H19=0,"",E19/(D19-H19))
A20: Cấp 1 | C20: Tổng | D20: =SUM(D5:D19) | E20: =SUM(E5:E19) | F20: =SUM(F5:F19) | G20: =SUM(G5:G19) | H20: =SUM(H5:H19) | I20: =SUM(I5:I19) | J20: =IF(D20-H20=0,"",E20/(D20-H20))
A22: Cấp độ | B22: Nhóm | C22: Tên nhóm | D22: Số yêu cầu | E22: Đạt | F22: Một phần | G22: Chưa | H22: N/A | I22: Chưa điền | J22: % Đạt
A23: Cấp 2 | B23: 4.1 | C23: Quản lý rủi ro an ninh mạng | D23: =COUNTIFS('Cấp 2'!$A$5:$A$133,B23) | E23: =COUNTIFS('Cấp 2'!$A$5:$A$133,B23,'Cấp 2'!$E$5:$E$133,"Đạt") | F23: =COUNTIFS('Cấp 2'!$A$5:$A$133,B23,'Cấp 2'!$E$5:$E$133,"Một phần") | G23: =COUNTIFS('Cấp 2'!$A$5:$A$133,B23,'Cấp 2'!$E$5:$E$133,"Chưa") | H23: =COUNTIFS('Cấp 2'!$A$5:$A$133,B23,'Cấp 2'!$E$5:$E$133,"N/A") | I23: =D23-SUM(E23:H23) | J23: =IF(D23-H23=0,"",E23/(D23-H23))
A24: Cấp 2 | B24: 4.2 | C24: Quản lý tài sản phần cứng | D24: =COUNTIFS('Cấp 2'!$A$5:$A$133,B24) | E24: =COUNTIFS('Cấp 2'!$A$5:$A$133,B24,'Cấp 2'!$E$5:$E$133,"Đạt") | F24: =COUNTIFS('Cấp 2'!$A$5:$A$133,B24,'Cấp 2'!$E$5:$E$133,"Một phần") | G24: =COUNTIFS('Cấp 2'!$A$5:$A$133,B24,'Cấp 2'!$E$5:$E$133,"Chưa") | H24: =COUNTIFS('Cấp 2'!$A$5:$A$133,B24,'Cấp 2'!$E$5:$E$133,"N/A") | I24: =D24-SUM(E24:H24) | J24: =IF(D24-H24=0,"",E24/(D24-H24))
A25: Cấp 2 | B25: 4.3 | C25: Quản lý tài sản phần mềm | D25: =COUNTIFS('Cấp 2'!$A$5:$A$133,B25) | E25: =COUNTIFS('Cấp 2'!$A$5:$A$133,B25,'Cấp 2'!$E$5:$E$133,"Đạt") | F25: =COUNTIFS('Cấp 2'!$A$5:$A$133,B25,'Cấp 2'!$E$5:$E$133,"Một phần") | G25: =COUNTIFS('Cấp 2'!$A$5:$A$133,B25,'Cấp 2'!$E$5:$E$133,"Chưa") | H25: =COUNTIFS('Cấp 2'!$A$5:$A$133,B25,'Cấp 2'!$E$5:$E$133,"N/A") | I25: =D25-SUM(E25:H25) | J25: =IF(D25-H25=0,"",E25/(D25-H25))
A26: Cấp 2 | B26: 4.4 | C26: Quản lý tài sản thông tin | D26: =COUNTIFS('Cấp 2'!$A$5:$A$133,B26) | E26: =COUNTIFS('Cấp 2'!$A$5:$A$133,B26,'Cấp 2'!$E$5:$E$133,"Đạt") | F26: =COUNTIFS('Cấp 2'!$A$5:$A$133,B26,'Cấp 2'!$E$5:$E$133,"Một phần") | G26: =COUNTIFS('Cấp 2'!$A$5:$A$133,B26,'Cấp 2'!$E$5:$E$133,"Chưa") | H26: =COUNTIFS('Cấp 2'!$A$5:$A$133,B26,'Cấp 2'!$E$5:$E$133,"N/A") | I26: =D26-SUM(E26:H26) | J26: =IF(D26-H26=0,"",E26/(D26-H26))
A27: Cấp 2 | B27: 4.5 | C27: Cấu hình an toàn phần cứng, phần mềm | D27: =COUNTIFS('Cấp 2'!$A$5:$A$133,B27) | E27: =COUNTIFS('Cấp 2'!$A$5:$A$133,B27,'Cấp 2'!$E$5:$E$133,"Đạt") | F27: =COUNTIFS('Cấp 2'!$A$5:$A$133,B27,'Cấp 2'!$E$5:$E$133,"Một phần") | G27: =COUNTIFS('Cấp 2'!$A$5:$A$133,B27,'Cấp 2'!$E$5:$E$133,"Chưa") | H27: =COUNTIFS('Cấp 2'!$A$5:$A$133,B27,'Cấp 2'!$E$5:$E$133,"N/A") | I27: =D27-SUM(E27:H27) | J27: =IF(D27-H27=0,"",E27/(D27-H27))
A28: Cấp 2 | B28: 4.6 | C28: Quản lý tài khoản và quyền truy cập | D28: =COUNTIFS('Cấp 2'!$A$5:$A$133,B28) | E28: =COUNTIFS('Cấp 2'!$A$5:$A$133,B28,'Cấp 2'!$E$5:$E$133,"Đạt") | F28: =COUNTIFS('Cấp 2'!$A$5:$A$133,B28,'Cấp 2'!$E$5:$E$133,"Một phần") | G28: =COUNTIFS('Cấp 2'!$A$5:$A$133,B28,'Cấp 2'!$E$5:$E$133,"Chưa") | H28: =COUNTIFS('Cấp 2'!$A$5:$A$133,B28,'Cấp 2'!$E$5:$E$133,"N/A") | I28: =D28-SUM(E28:H28) | J28: =IF(D28-H28=0,"",E28/(D28-H28))
A29: Cấp 2 | B29: 4.7 | C29: Quản lý lỗ hổng bảo mật | D29: =COUNTIFS('Cấp 2'!$A$5:$A$133,B29) | E29: =COUNTIFS('Cấp 2'!$A$5:$A$133,B29,'Cấp 2'!$E$5:$E$133,"Đạt") | F29: =COUNTIFS('Cấp 2'!$A$5:$A$133,B29,'Cấp 2'!$E$5:$E$133,"Một phần") | G29: =COUNTIFS('Cấp 2'!$A$5:$A$133,B29,'Cấp 2'!$E$5:$E$133,"Chưa") | H29: =COUNTIFS('Cấp 2'!$A$5:$A$133,B29,'Cấp 2'!$E$5:$E$133,"N/A") | I29: =D29-SUM(E29:H29) | J29: =IF(D29-H29=0,"",E29/(D29-H29))
A30: Cấp 2 | B30: 4.8 | C30: Quản lý nhật ký an ninh mạng | D30: =COUNTIFS('Cấp 2'!$A$5:$A$133,B30) | E30: =COUNTIFS('Cấp 2'!$A$5:$A$133,B30,'Cấp 2'!$E$5:$E$133,"Đạt") | F30: =COUNTIFS('Cấp 2'!$A$5:$A$133,B30,'Cấp 2'!$E$5:$E$133,"Một phần") | G30: =COUNTIFS('Cấp 2'!$A$5:$A$133,B30,'Cấp 2'!$E$5:$E$133,"Chưa") | H30: =COUNTIFS('Cấp 2'!$A$5:$A$133,B30,'Cấp 2'!$E$5:$E$133,"N/A") | I30: =D30-SUM(E30:H30) | J30: =IF(D30-H30=0,"",E30/(D30-H30))
A31: Cấp 2 | B31: 4.9 | C31: Bảo vệ trình duyệt web, thư điện tử | D31: =COUNTIFS('Cấp 2'!$A$5:$A$133,B31) | E31: =COUNTIFS('Cấp 2'!$A$5:$A$133,B31,'Cấp 2'!$E$5:$E$133,"Đạt") | F31: =COUNTIFS('Cấp 2'!$A$5:$A$133,B31,'Cấp 2'!$E$5:$E$133,"Một phần") | G31: =COUNTIFS('Cấp 2'!$A$5:$A$133,B31,'Cấp 2'!$E$5:$E$133,"Chưa") | H31: =COUNTIFS('Cấp 2'!$A$5:$A$133,B31,'Cấp 2'!$E$5:$E$133,"N/A") | I31: =D31-SUM(E31:H31) | J31: =IF(D31-H31=0,"",E31/(D31-H31))
A32: Cấp 2 | B32: 4.10 | C32: Phòng chống phần mềm độc hại | D32: =COUNTIFS('Cấp 2'!$A$5:$A$133,B32) | E32: =COUNTIFS('Cấp 2'!$A$5:$A$133,B32,'Cấp 2'!$E$5:$E$133,"Đạt") | F32: =COUNTIFS('Cấp 2'!$A$5:$A$133,B32,'Cấp 2'!$E$5:$E$133,"Một phần") | G32: =COUNTIFS('Cấp 2'!$A$5:$A$133,B32,'Cấp 2'!$E$5:$E$133,"Chưa") | H32: =COUNTIFS('Cấp 2'!$A$5:$A$133,B32,'Cấp 2'!$E$5:$E$133,"N/A") | I32: =D32-SUM(E32:H32) | J32: =IF(D32-H32=0,"",E32/(D32-H32))
A33: Cấp 2 | B33: 4.11 | C33: Sao lưu và khôi phục dữ liệu | D33: =COUNTIFS('Cấp 2'!$A$5:$A$133,B33) | E33: =COUNTIFS('Cấp 2'!$A$5:$A$133,B33,'Cấp 2'!$E$5:$E$133,"Đạt") | F33: =COUNTIFS('Cấp 2'!$A$5:$A$133,B33,'Cấp 2'!$E$5:$E$133,"Một phần") | G33: =COUNTIFS('Cấp 2'!$A$5:$A$133,B33,'Cấp 2'!$E$5:$E$133,"Chưa") | H33: =COUNTIFS('Cấp 2'!$A$5:$A$133,B33,'Cấp 2'!$E$5:$E$133,"N/A") | I33: =D33-SUM(E33:H33) | J33: =IF(D33-H33=0,"",E33/(D33-H33))
A34: Cấp 2 | B34: 4.12 | C34: Quản lý hạ tầng mạng | D34: =COUNTIFS('Cấp 2'!$A$5:$A$133,B34) | E34: =COUNTIFS('Cấp 2'!$A$5:$A$133,B34,'Cấp 2'!$E$5:$E$133,"Đạt") | F34: =COUNTIFS('Cấp 2'!$A$5:$A$133,B34,'Cấp 2'!$E$5:$E$133,"Một phần") | G34: =COUNTIFS('Cấp 2'!$A$5:$A$133,B34,'Cấp 2'!$E$5:$E$133,"Chưa") | H34: =COUNTIFS('Cấp 2'!$A$5:$A$133,B34,'Cấp 2'!$E$5:$E$133,"N/A") | I34: =D34-SUM(E34:H34) | J34: =IF(D34-H34=0,"",E34/(D34-H34))
... A37: Cấp 2 | B37: 4.15 | C37: Quản trị ứng phó sự cố an ninh mạng | D37: =COUNTIFS('Cấp 2'!$A$5:$A$133,B37) | E37: =COUNTIFS('Cấp 2'!$A$5:$A$133,B37,'Cấp 2'!$E$5:$E$133,"Đạt") | F37: =COUNTIFS('Cấp 2'!$A$5:$A$133,B37,'Cấp 2'!$E$5:$E$133,"Một phần") | G37: =COUNTIFS('Cấp 2'!$A$5:$A$133,B37,'Cấp 2'!$E$5:$E$133,"Chưa") | H37: =COUNTIFS('Cấp 2'!$A$5:$A$133,B37,'Cấp 2'!$E$5:$E$133,"N/A") | I37: =D37-SUM(E37:H37) | J37: =IF(D37-H37=0,"",E37/(D37-H37))
A38: Cấp 2 | C38: Tổng | D38: =SUM(D23:D37) | E38: =SUM(E23:E37) | F38: =SUM(F23:F37) | G38: =SUM(G23:G37) | H38: =SUM(H23:H37) | I38: =SUM(I23:I37) | J38: =IF(D38-H38=0,"",E38/(D38-H38))
A40: Cấp độ | B40: Nhóm | C40: Tên nhóm | D40: Số yêu cầu | E40: Đạt | F40: Một phần | G40: Chưa | H40: N/A | I40: Chưa điền | J40: % Đạt
A41: Cấp 3 | B41: 5.1 | C41: Quản lý rủi ro an ninh mạng | D41: =COUNTIFS('Cấp 3'!$A$5:$A$199,B41) | E41: =COUNTIFS('Cấp 3'!$A$5:$A$199,B41,'Cấp 3'!$E$5:$E$199,"Đạt") | F41: =COUNTIFS('Cấp 3'!$A$5:$A$199,B41,'Cấp 3'!$E$5:$E$199,"Một phần") | G41: =COUNTIFS('Cấp 3'!$A$5:$A$199,B41,'Cấp 3'!$E$5:$E$199,"Chưa") | H41: =COUNTIFS('Cấp 3'!$A$5:$A$199,B41,'Cấp 3'!$E$5:$E$199,"N/A") | I41: =D41-SUM(E41:H41) | J41: =IF(D41-H41=0,"",E41/(D41-H41))
A42: Cấp 3 | B42: 5.2 | C42: Quản lý tài sản phần cứng | D42: =COUNTIFS('Cấp 3'!$A$5:$A$199,B42) | E42: =COUNTIFS('Cấp 3'!$A$5:$A$199,B42,'Cấp 3'!$E$5:$E$199,"Đạt") | F42: =COUNTIFS('Cấp 3'!$A$5:$A$199,B42,'Cấp 3'!$E$5:$E$199,"Một phần") | G42: =COUNTIFS('Cấp 3'!$A$5:$A$199,B42,'Cấp 3'!$E$5:$E$199,"Chưa") | H42: =COUNTIFS('Cấp 3'!$A$5:$A$199,B42,'Cấp 3'!$E$5:$E$199,"N/A") | I42: =D42-SUM(E42:H42) | J42: =IF(D42-H42=0,"",E42/(D42-H42))
A43: Cấp 3 | B43: 5.3 | C43: Quản lý tài sản phần mềm | D43: =COUNTIFS('Cấp 3'!$A$5:$A$199,B43) | E43: =COUNTIFS('Cấp 3'!$A$5:$A$199,B43,'Cấp 3'!$E$5:$E$199,"Đạt") | F43: =COUNTIFS('Cấp 3'!$A$5:$A$199,B43,'Cấp 3'!$E$5:$E$199,"Một phần") | G43: =COUNTIFS('Cấp 3'!$A$5:$A$199,B43,'Cấp 3'!$E$5:$E$199,"Chưa") | H43: =COUNTIFS('Cấp 3'!$A$5:$A$199,B43,'Cấp 3'!$E$5:$E$199,"N/A") | I43: =D43-SUM(E43:H43) | J43: =IF(D43-H43=0,"",E43/(D43-H43))
A44: Cấp 3 | B44: 5.4 | C44: Quản lý tài sản thông tin | D44: =COUNTIFS('Cấp 3'!$A$5:$A$199,B44) | E44: =COUNTIFS('Cấp 3'!$A$5:$A$199,B44,'Cấp 3'!$E$5:$E$199,"Đạt") | F44: =COUNTIFS('Cấp 3'!$A$5:$A$199,B44,'Cấp 3'!$E$5:$E$199,"Một phần") | G44: =COUNTIFS('Cấp 3'!$A$5:$A$199,B44,'Cấp 3'!$E$5:$E$199,"Chưa") | H44: =COUNTIFS('Cấp 3'!$A$5:$A$199,B44,'Cấp 3'!$E$5:$E$199,"N/A") | I44: =D44-SUM(E44:H44) | J44: =IF(D44-H44=0,"",E44/(D44-H44))
A45: Cấp 3 | B45: 5.5 | C45: Cấu hình an toàn phần cứng, phần mềm | D45: =COUNTIFS('Cấp 3'!$A$5:$A$199,B45) | E45: =COUNTIFS('Cấp 3'!$A$5:$A$199,B45,'Cấp 3'!$E$5:$E$199,"Đạt") | F45: =COUNTIFS('Cấp 3'!$A$5:$A$199,B45,'Cấp 3'!$E$5:$E$199,"Một phần") | G45: =COUNTIFS('Cấp 3'!$A$5:$A$199,B45,'Cấp 3'!$E$5:$E$199,"Chưa") | H45: =COUNTIFS('Cấp 3'!$A$5:$A$199,B45,'Cấp 3'!$E$5:$E$199,"N/A") | I45: =D45-SUM(E45:H45) | J45: =IF(D45-H45=0,"",E45/(D45-H45))
A46: Cấp 3 | B46: 5.6 | C46: Quản lý tài khoản và quyền truy cập | D46: =COUNTIFS('Cấp 3'!$A$5:$A$199,B46) | E46: =COUNTIFS('Cấp 3'!$A$5:$A$199,B46,'Cấp 3'!$E$5:$E$199,"Đạt") | F46: =COUNTIFS('Cấp 3'!$A$5:$A$199,B46,'Cấp 3'!$E$5:$E$199,"Một phần") | G46: =COUNTIFS('Cấp 3'!$A$5:$A$199,B46,'Cấp 3'!$E$5:$E$199,"Chưa") | H46: =COUNTIFS('Cấp 3'!$A$5:$A$199,B46,'Cấp 3'!$E$5:$E$199,"N/A") | I46: =D46-SUM(E46:H46) | J46: =IF(D46-H46=0,"",E46/(D46-H46))
A47: Cấp 3 | B47: 5.7 | C47: Quản lý lỗ hổng bảo mật | D47: =COUNTIFS('Cấp 3'!$A$5:$A$199,B47) | E47: =COUNTIFS('Cấp 3'!$A$5:$A$199,B47,'Cấp 3'!$E$5:$E$199,"Đạt") | F47: =COUNTIFS('Cấp 3'!$A$5:$A$199,B47,'Cấp 3'!$E$5:$E$199,"Một phần") | G47: =COUNTIFS('Cấp 3'!$A$5:$A$199,B47,'Cấp 3'!$E$5:$E$199,"Chưa") | H47: =COUNTIFS('Cấp 3'!$A$5:$A$199,B47,'Cấp 3'!$E$5:$E$199,"N/A") | I47: =D47-SUM(E47:H47) | J47: =IF(D47-H47=0,"",E47/(D47-H47))
A48: Cấp 3 | B48: 5.8 | C48: Quản lý nhật ký an ninh mạng | D48: =COUNTIFS('Cấp 3'!$A$5:$A$199,B48) | E48: =COUNTIFS('Cấp 3'!$A$5:$A$199,B48,'Cấp 3'!$E$5:$E$199,"Đạt") | F48: =COUNTIFS('Cấp 3'!$A$5:$A$199,B48,'Cấp 3'!$E$5:$E$199,"Một phần") | G48: =COUNTIFS('Cấp 3'!$A$5:$A$199,B48,'Cấp 3'!$E$5:$E$199,"Chưa") | H48: =COUNTIFS('Cấp 3'!$A$5:$A$199,B48,'Cấp 3'!$E$5:$E$199,"N/A") | I48: =D48-SUM(E48:H48) | J48: =IF(D48-H48=0,"",E48/(D48-H48))
A49: Cấp 3 | B49: 5.9 | C49: Bảo vệ trình duyệt web, thư điện tử | D49: =COUNTIFS('Cấp 3'!$A$5:$A$199,B49) | E49: =COUNTIFS('Cấp 3'!$A$5:$A$199,B49,'Cấp 3'!$E$5:$E$199,"Đạt") | F49: =COUNTIFS('Cấp 3'!$A$5:$A$199,B49,'Cấp 3'!$E$5:$E$199,"Một phần") | G49: =COUNTIFS('Cấp 3'!$A$5:$A$199,B49,'Cấp 3'!$E$5:$E$199,"Chưa") | H49: =COUNTIFS('Cấp 3'!$A$5:$A$199,B49,'Cấp 3'!$E$5:$E$199,"N/A") | I49: =D49-SUM(E49:H49) | J49: =IF(D49-H49=0,"",E49/(D49-H49))
A50: Cấp 3 | B50: 5.10 | C50: Phòng chống phần mềm độc hại | D50: =COUNTIFS('Cấp 3'!$A$5:$A$199,B50) | E50: =COUNTIFS('Cấp 3'!$A$5:$A$199,B50,'Cấp 3'!$E$5:$E$199,"Đạt") | F50: =COUNTIFS('Cấp 3'!$A$5:$A$199,B50,'Cấp 3'!$E$5:$E$199,"Một phần") | G50: =COUNTIFS('Cấp 3'!$A$5:$A$199,B50,'Cấp 3'!$E$5:$E$199,"Chưa") | H50: =COUNTIFS('Cấp 3'!$A$5:$A$199,B50,'Cấp 3'!$E$5:$E$199,"N/A") | I50: =D50-SUM(E50:H50) | J50: =IF(D50-H50=0,"",E50/(D50-H50))
A51: Cấp 3 | B51: 5.11 | C51: Sao lưu và khôi phục dữ liệu | D51: =COUNTIFS('Cấp 3'!$A$5:$A$199,B51) | E51: =COUNTIFS('Cấp 3'!$A$5:$A$199,B51,'Cấp 3'!$E$5:$E$199,"Đạt") | F51: =COUNTIFS('Cấp 3'!$A$5:$A$199,B51,'Cấp 3'!$E$5:$E$199,"Một phần") | G51: =COUNTIFS('Cấp 3'!$A$5:$A$199,B51,'Cấp 3'!$E$5:$E$199,"Chưa") | H51: =COUNTIFS('Cấp 3'!$A$5:$A$199,B51,'Cấp 3'!$E$5:$E$199,"N/A") | I51: =D51-SUM(E51:H51) | J51: =IF(D51-H51=0,"",E51/(D51-H51))
A52: Cấp 3 | B52: 5.12 | C52: Quản lý hạ tầng mạng | D52: =COUNTIFS('Cấp 3'!$A$5:$A$199,B52) | E52: =COUNTIFS('Cấp 3'!$A$5:$A$199,B52,'Cấp 3'!$E$5:$E$199,"Đạt") | F52: =COUNTIFS('Cấp 3'!$A$5:$A$199,B52,'Cấp 3'!$E$5:$E$199,"Một phần") | G52: =COUNTIFS('Cấp 3'!$A$5:$A$199,B52,'Cấp 3'!$E$5:$E$199,"Chưa") | H52: =COUNTIFS('Cấp 3'!$A$5:$A$199,B52,'Cấp 3'!$E$5:$E$199,"N/A") | I52: =D52-SUM(E52:H52) | J52: =IF(D52-H52=0,"",E52/(D52-H52))
... A58: Cấp 3 | B58: 5.18 | C58: Quản lý kiểm tra an ninh mạng (kiểm thử xâm nhập) | D58: =COUNTIFS('Cấp 3'!$A$5:$A$199,B58) | E58: =COUNTIFS('Cấp 3'!$A$5:$A$199,B58,'Cấp 3'!$E$5:$E$199,"Đạt") | F58: =COUNTIFS('Cấp 3'!$A$5:$A$199,B58,'Cấp 3'!$E$5:$E$199,"Một phần") | G58: =COUNTIFS('Cấp 3'!$A$5:$A$199,B58,'Cấp 3'!$E$5:$E$199,"Chưa") | H58: =COUNTIFS('Cấp 3'!$A$5:$A$199,B58,'Cấp 3'!$E$5:$E$199,"N/A") | I58: =D58-SUM(E58:H58) | J58: =IF(D58-H58=0,"",E58/(D58-H58))
A59: Cấp 3 | C59: Tổng | D59: =SUM(D41:D58) | E59: =SUM(E41:E58) | F59: =SUM(F41:F58) | G59: =SUM(G41:G58) | H59: =SUM(H41:H58) | I59: =SUM(I41:I58) | J59: =IF(D59-H59=0,"",E59/(D59-H59))
A61: Cấp độ | B61: Nhóm | C61: Tên nhóm | D61: Số yêu cầu | E61: Đạt | F61: Một phần | G61: Chưa | H61: N/A | I61: Chưa điền | J61: % Đạt
A62: Cấp 4 | B62: 6.1 | C62: Quản lý rủi ro an ninh mạng | D62: =COUNTIFS('Cấp 4'!$A$5:$A$277,B62) | E62: =COUNTIFS('Cấp 4'!$A$5:$A$277,B62,'Cấp 4'!$E$5:$E$277,"Đạt") | F62: =COUNTIFS('Cấp 4'!$A$5:$A$277,B62,'Cấp 4'!$E$5:$E$277,"Một phần") | G62: =COUNTIFS('Cấp 4'!$A$5:$A$277,B62,'Cấp 4'!$E$5:$E$277,"Chưa") | H62: =COUNTIFS('Cấp 4'!$A$5:$A$277,B62,'Cấp 4'!$E$5:$E$277,"N/A") | I62: =D62-SUM(E62:H62) | J62: =IF(D62-H62=0,"",E62/(D62-H62))
A63: Cấp 4 | B63: 6.2 | C63: Quản lý tài sản phần cứng | D63: =COUNTIFS('Cấp 4'!$A$5:$A$277,B63) | E63: =COUNTIFS('Cấp 4'!$A$5:$A$277,B63,'Cấp 4'!$E$5:$E$277,"Đạt") | F63: =COUNTIFS('Cấp 4'!$A$5:$A$277,B63,'Cấp 4'!$E$5:$E$277,"Một phần") | G63: =COUNTIFS('Cấp 4'!$A$5:$A$277,B63,'Cấp 4'!$E$5:$E$277,"Chưa") | H63: =COUNTIFS('Cấp 4'!$A$5:$A$277,B63,'Cấp 4'!$E$5:$E$277,"N/A") | I63: =D63-SUM(E63:H63) | J63: =IF(D63-H63=0,"",E63/(D63-H63))
A64: Cấp 4 | B64: 6.3 | C64: Quản lý tài sản phần mềm | D64: =COUNTIFS('Cấp 4'!$A$5:$A$277,B64) | E64: =COUNTIFS('Cấp 4'!$A$5:$A$277,B64,'Cấp 4'!$E$5:$E$277,"Đạt") | F64: =COUNTIFS('Cấp 4'!$A$5:$A$277,B64,'Cấp 4'!$E$5:$E$277,"Một phần") | G64: =COUNTIFS('Cấp 4'!$A$5:$A$277,B64,'Cấp 4'!$E$5:$E$277,"Chưa") | H64: =COUNTIFS('Cấp 4'!$A$5:$A$277,B64,'Cấp 4'!$E$5:$E$277,"N/A") | I64: =D64-SUM(E64:H64) | J64: =IF(D64-H64=0,"",E64/(D64-H64))
A65: Cấp 4 | B65: 6.4 | C65: Quản lý tài sản thông tin | D65: =COUNTIFS('Cấp 4'!$A$5:$A$277,B65) | E65: =COUNTIFS('Cấp 4'!$A$5:$A$277,B65,'Cấp 4'!$E$5:$E$277,"Đạt") | F65: =COUNTIFS('Cấp 4'!$A$5:$A$277,B65,'Cấp 4'!$E$5:$E$277,"Một phần") | G65: =COUNTIFS('Cấp 4'!$A$5:$A$277,B65,'Cấp 4'!$E$5:$E$277,"Chưa") | H65: =COUNTIFS('Cấp 4'!$A$5:$A$277,B65,'Cấp 4'!$E$5:$E$277,"N/A") | I65: =D65-SUM(E65:H65) | J65: =IF(D65-H65=0,"",E65/(D65-H65))
A66: Cấp 4 | B66: 6.5 | C66: Cấu hình an toàn phần cứng, phần mềm | D66: =COUNTIFS('Cấp 4'!$A$5:$A$277,B66) | E66: =COUNTIFS('Cấp 4'!$A$5:$A$277,B66,'Cấp 4'!$E$5:$E$277,"Đạt") | F66: =COUNTIFS('Cấp 4'!$A$5:$A$277,B66,'Cấp 4'!$E$5:$E$277,"Một phần") | G66: =COUNTIFS('Cấp 4'!$A$5:$A$277,B66,'Cấp 4'!$E$5:$E$277,"Chưa") | H66: =COUNTIFS('Cấp 4'!$A$5:$A$277,B66,'Cấp 4'!$E$5:$E$277,"N/A") | I66: =D66-SUM(E66:H66) | J66: =IF(D66-H66=0,"",E66/(D66-H66))
A67: Cấp 4 | B67: 6.6 | C67: Quản lý tài khoản và quyền truy cập | D67: =COUNTIFS('Cấp 4'!$A$5:$A$277,B67) | E67: =COUNTIFS('Cấp 4'!$A$5:$A$277,B67,'Cấp 4'!$E$5:$E$277,"Đạt") | F67: =COUNTIFS('Cấp 4'!$A$5:$A$277,B67,'Cấp 4'!$E$5:$E$277,"Một phần") | G67: =COUNTIFS('Cấp 4'!$A$5:$A$277,B67,'Cấp 4'!$E$5:$E$277,"Chưa") | H67: =COUNTIFS('Cấp 4'!$A$5:$A$277,B67,'Cấp 4'!$E$5:$E$277,"N/A") | I67: =D67-SUM(E67:H67) | J67: =IF(D67-H67=0,"",E67/(D67-H67))
A68: Cấp 4 | B68: 6.7 | C68: Quản lý lỗ hổng bảo mật | D68: =COUNTIFS('Cấp 4'!$A$5:$A$277,B68) | E68: =COUNTIFS('Cấp 4'!$A$5:$A$277,B68,'Cấp 4'!$E$5:$E$277,"Đạt") | F68: =COUNTIFS('Cấp 4'!$A$5:$A$277,B68,'Cấp 4'!$E$5:$E$277,"Một phần") | G68: =COUNTIFS('Cấp 4'!$A$5:$A$277,B68,'Cấp 4'!$E$5:$E$277,"Chưa") | H68: =COUNTIFS('Cấp 4'!$A$5:$A$277,B68,'Cấp 4'!$E$5:$E$277,"N/A") | I68: =D68-SUM(E68:H68) | J68: =IF(D68-H68=0,"",E68/(D68-H68))
A69: Cấp 4 | B69: 6.8 | C69: Quản lý nhật ký an ninh mạng | D69: =COUNTIFS('Cấp 4'!$A$5:$A$277,B69) | E69: =COUNTIFS('Cấp 4'!$A$5:$A$277,B69,'Cấp 4'!$E$5:$E$277,"Đạt") | F69: =COUNTIFS('Cấp 4'!$A$5:$A$277,B69,'Cấp 4'!$E$5:$E$277,"Một phần") | G69: =COUNTIFS('Cấp 4'!$A$5:$A$277,B69,'Cấp 4'!$E$5:$E$277,"Chưa") | H69: =COUNTIFS('Cấp 4'!$A$5:$A$277,B69,'Cấp 4'!$E$5:$E$277,"N/A") | I69: =D69-SUM(E69:H69) | J69: =IF(D69-H69=0,"",E69/(D69-H69))
A70: Cấp 4 | B70: 6.9 | C70: Bảo vệ trình duyệt web, thư điện tử | D70: =COUNTIFS('Cấp 4'!$A$5:$A$277,B70) | E70: =COUNTIFS('Cấp 4'!$A$5:$A$277,B70,'Cấp 4'!$E$5:$E$277,"Đạt") | F70: =COUNTIFS('Cấp 4'!$A$5:$A$277,B70,'Cấp 4'!$E$5:$E$277,"Một phần") | G70: =COUNTIFS('Cấp 4'!$A$5:$A$277,B70,'Cấp 4'!$E$5:$E$277,"Chưa") | H70: =COUNTIFS('Cấp 4'!$A$5:$A$277,B70,'Cấp 4'!$E$5:$E$277,"N/A") | I70: =D70-SUM(E70:H70) | J70: =IF(D70-H70=0,"",E70/(D70-H70))
A71: Cấp 4 | B71: 6.10 | C71: Phòng chống phần mềm độc hại | D71: =COUNTIFS('Cấp 4'!$A$5:$A$277,B71) | E71: =COUNTIFS('Cấp 4'!$A$5:$A$277,B71,'Cấp 4'!$E$5:$E$277,"Đạt") | F71: =COUNTIFS('Cấp 4'!$A$5:$A$277,B71,'Cấp 4'!$E$5:$E$277,"Một phần") | G71: =COUNTIFS('Cấp 4'!$A$5:$A$277,B71,'Cấp 4'!$E$5:$E$277,"Chưa") | H71: =COUNTIFS('Cấp 4'!$A$5:$A$277,B71,'Cấp 4'!$E$5:$E$277,"N/A") | I71: =D71-SUM(E71:H71) | J71: =IF(D71-H71=0,"",E71/(D71-H71))
A72: Cấp 4 | B72: 6.11 | C72: Sao lưu và khôi phục dữ liệu | D72: =COUNTIFS('Cấp 4'!$A$5:$A$277,B72) | E72: =COUNTIFS('Cấp 4'!$A$5:$A$277,B72,'Cấp 4'!$E$5:$E$277,"Đạt") | F72: =COUNTIFS('Cấp 4'!$A$5:$A$277,B72,'Cấp 4'!$E$5:$E$277,"Một phần") | G72: =COUNTIFS('Cấp 4'!$A$5:$A$277,B72,'Cấp 4'!$E$5:$E$277,"Chưa") | H72: =COUNTIFS('Cấp 4'!$A$5:$A$277,B72,'Cấp 4'!$E$5:$E$277,"N/A") | I72: =D72-SUM(E72:H72) | J72: =IF(D72-H72=0,"",E72/(D72-H72))
A73: Cấp 4 | B73: 6.12 | C73: Quản lý hạ tầng mạng | D73: =COUNTIFS('Cấp 4'!$A$5:$A$277,B73) | E73: =COUNTIFS('Cấp 4'!$A$5:$A$277,B73,'Cấp 4'!$E$5:$E$277,"Đạt") | F73: =COUNTIFS('Cấp 4'!$A$5:$A$277,B73,'Cấp 4'!$E$5:$E$277,"Một phần") | G73: =COUNTIFS('Cấp 4'!$A$5:$A$277,B73,'Cấp 4'!$E$5:$E$277,"Chưa") | H73: =COUNTIFS('Cấp 4'!$A$5:$A$277,B73,'Cấp 4'!$E$5:$E$277,"N/A") | I73: =D73-SUM(E73:H73) | J73: =IF(D73-H73=0,"",E73/(D73-H73))
... A79: Cấp 4 | B79: 6.18 | C79: Quản lý kiểm tra an ninh mạng (kiểm thử xâm nhập) | D79: =COUNTIFS('Cấp 4'!$A$5:$A$277,B79) | E79: =COUNTIFS('Cấp 4'!$A$5:$A$277,B79,'Cấp 4'!$E$5:$E$277,"Đạt") | F79: =COUNTIFS('Cấp 4'!$A$5:$A$277,B79,'Cấp 4'!$E$5:$E$277,"Một phần") | G79: =COUNTIFS('Cấp 4'!$A$5:$A$277,B79,'Cấp 4'!$E$5:$E$277,"Chưa") | H79: =COUNTIFS('Cấp 4'!$A$5:$A$277,B79,'Cấp 4'!$E$5:$E$277,"N/A") | I79: =D79-SUM(E79:H79) | J79: =IF(D79-H79=0,"",E79/(D79-H79))
A80: Cấp 4 | C80: Tổng | D80: =SUM(D62:D79) | E80: =SUM(E62:E79) | F80: =SUM(F62:F79) | G80: =SUM(G62:G79) | H80: =SUM(H62:H79) | I80: =SUM(I62:I79) | J80: =IF(D80-H80=0,"",E80/(D80-H80))
A82: Cấp độ | B82: Nhóm | C82: Tên nhóm | D82: Số yêu cầu | E82: Đạt | F82: Một phần | G82: Chưa | H82: N/A | I82: Chưa điền | J82: % Đạt
A83: Cấp 5 | B83: 7.1 | C83: Quản lý rủi ro an ninh mạng | D83: =COUNTIFS('Cấp 5'!$A$5:$A$292,B83) | E83: =COUNTIFS('Cấp 5'!$A$5:$A$292,B83,'Cấp 5'!$E$5:$E$292,"Đạt") | F83: =COUNTIFS('Cấp 5'!$A$5:$A$292,B83,'Cấp 5'!$E$5:$E$292,"Một phần") | G83: =COUNTIFS('Cấp 5'!$A$5:$A$292,B83,'Cấp 5'!$E$5:$E$292,"Chưa") | H83: =COUNTIFS('Cấp 5'!$A$5:$A$292,B83,'Cấp 5'!$E$5:$E$292,"N/A") | I83: =D83-SUM(E83:H83) | J83: =IF(D83-H83=0,"",E83/(D83-H83))
A84: Cấp 5 | B84: 7.2 | C84: Quản lý tài sản phần cứng | D84: =COUNTIFS('Cấp 5'!$A$5:$A$292,B84) | E84: =COUNTIFS('Cấp 5'!$A$5:$A$292,B84,'Cấp 5'!$E$5:$E$292,"Đạt") | F84: =COUNTIFS('Cấp 5'!$A$5:$A$292,B84,'Cấp 5'!$E$5:$E$292,"Một phần") | G84: =COUNTIFS('Cấp 5'!$A$5:$A$292,B84,'Cấp 5'!$E$5:$E$292,"Chưa") | H84: =COUNTIFS('Cấp 5'!$A$5:$A$292,B84,'Cấp 5'!$E$5:$E$292,"N/A") | I84: =D84-SUM(E84:H84) | J84: =IF(D84-H84=0,"",E84/(D84-H84))
A85: Cấp 5 | B85: 7.3 | C85: Quản lý tài sản phần mềm | D85: =COUNTIFS('Cấp 5'!$A$5:$A$292,B85) | E85: =COUNTIFS('Cấp 5'!$A$5:$A$292,B85,'Cấp 5'!$E$5:$E$292,"Đạt") | F85: =COUNTIFS('Cấp 5'!$A$5:$A$292,B85,'Cấp 5'!$E$5:$E$292,"Một phần") | G85: =COUNTIFS('Cấp 5'!$A$5:$A$292,B85,'Cấp 5'!$E$5:$E$292,"Chưa") | H85: =COUNTIFS('Cấp 5'!$A$5:$A$292,B85,'Cấp 5'!$E$5:$E$292,"N/A") | I85: =D85-SUM(E85:H85) | J85: =IF(D85-H85=0,"",E85/(D85-H85))
A86: Cấp 5 | B86: 7.4 | C86: Quản lý tài sản thông tin | D86: =COUNTIFS('Cấp 5'!$A$5:$A$292,B86) | E86: =COUNTIFS('Cấp 5'!$A$5:$A$292,B86,'Cấp 5'!$E$5:$E$292,"Đạt") | F86: =COUNTIFS('Cấp 5'!$A$5:$A$292,B86,'Cấp 5'!$E$5:$E$292,"Một phần") | G86: =COUNTIFS('Cấp 5'!$A$5:$A$292,B86,'Cấp 5'!$E$5:$E$292,"Chưa") | H86: =COUNTIFS('Cấp 5'!$A$5:$A$292,B86,'Cấp 5'!$E$5:$E$292,"N/A") | I86: =D86-SUM(E86:H86) | J86: =IF(D86-H86=0,"",E86/(D86-H86))
A87: Cấp 5 | B87: 7.5 | C87: Cấu hình an toàn phần cứng, phần mềm | D87: =COUNTIFS('Cấp 5'!$A$5:$A$292,B87) | E87: =COUNTIFS('Cấp 5'!$A$5:$A$292,B87,'Cấp 5'!$E$5:$E$292,"Đạt") | F87: =COUNTIFS('Cấp 5'!$A$5:$A$292,B87,'Cấp 5'!$E$5:$E$292,"Một phần") | G87: =COUNTIFS('Cấp 5'!$A$5:$A$292,B87,'Cấp 5'!$E$5:$E$292,"Chưa") | H87: =COUNTIFS('Cấp 5'!$A$5:$A$292,B87,'Cấp 5'!$E$5:$E$292,"N/A") | I87: =D87-SUM(E87:H87) | J87: =IF(D87-H87=0,"",E87/(D87-H87))
A88: Cấp 5 | B88: 7.6 | C88: Quản lý tài khoản và quyền truy cập | D88: =COUNTIFS('Cấp 5'!$A$5:$A$292,B88) | E88: =COUNTIFS('Cấp 5'!$A$5:$A$292,B88,'Cấp 5'!$E$5:$E$292,"Đạt") | F88: =COUNTIFS('Cấp 5'!$A$5:$A$292,B88,'Cấp 5'!$E$5:$E$292,"Một phần") | G88: =COUNTIFS('Cấp 5'!$A$5:$A$292,B88,'Cấp 5'!$E$5:$E$292,"Chưa") | H88: =COUNTIFS('Cấp 5'!$A$5:$A$292,B88,'Cấp 5'!$E$5:$E$292,"N/A") | I88: =D88-SUM(E88:H88) | J88: =IF(D88-H88=0,"",E88/(D88-H88))
A89: Cấp 5 | B89: 7.7 | C89: Quản lý lỗ hổng bảo mật | D89: =COUNTIFS('Cấp 5'!$A$5:$A$292,B89) | E89: =COUNTIFS('Cấp 5'!$A$5:$A$292,B89,'Cấp 5'!$E$5:$E$292,"Đạt") | F89: =COUNTIFS('Cấp 5'!$A$5:$A$292,B89,'Cấp 5'!$E$5:$E$292,"Một phần") | G89: =COUNTIFS('Cấp 5'!$A$5:$A$292,B89,'Cấp 5'!$E$5:$E$292,"Chưa") | H89: =COUNTIFS('Cấp 5'!$A$5:$A$292,B89,'Cấp 5'!$E$5:$E$292,"N/A") | I89: =D89-SUM(E89:H89) | J89: =IF(D89-H89=0,"",E89/(D89-H89))
A90: Cấp 5 | B90: 7.8 | C90: Quản lý nhật ký an ninh mạng | D90: =COUNTIFS('Cấp 5'!$A$5:$A$292,B90) | E90: =COUNTIFS('Cấp 5'!$A$5:$A$292,B90,'Cấp 5'!$E$5:$E$292,"Đạt") | F90: =COUNTIFS('Cấp 5'!$A$5:$A$292,B90,'Cấp 5'!$E$5:$E$292,"Một phần") | G90: =COUNTIFS('Cấp 5'!$A$5:$A$292,B90,'Cấp 5'!$E$5:$E$292,"Chưa") | H90: =COUNTIFS('Cấp 5'!$A$5:$A$292,B90,'Cấp 5'!$E$5:$E$292,"N/A") | I90: =D90-SUM(E90:H90) | J90: =IF(D90-H90=0,"",E90/(D90-H90))
A91: Cấp 5 | B91: 7.9 | C91: Bảo vệ trình duyệt web, thư điện tử | D91: =COUNTIFS('Cấp 5'!$A$5:$A$292,B91) | E91: =COUNTIFS('Cấp 5'!$A$5:$A$292,B91,'Cấp 5'!$E$5:$E$292,"Đạt") | F91: =COUNTIFS('Cấp 5'!$A$5:$A$292,B91,'Cấp 5'!$E$5:$E$292,"Một phần") | G91: =COUNTIFS('Cấp 5'!$A$5:$A$292,B91,'Cấp 5'!$E$5:$E$292,"Chưa") | H91: =COUNTIFS('Cấp 5'!$A$5:$A$292,B91,'Cấp 5'!$E$5:$E$292,"N/A") | I91: =D91-SUM(E91:H91) | J91: =IF(D91-H91=0,"",E91/(D91-H91))
A92: Cấp 5 | B92: 7.10 | C92: Phòng chống phần mềm độc hại | D92: =COUNTIFS('Cấp 5'!$A$5:$A$292,B92) | E92: =COUNTIFS('Cấp 5'!$A$5:$A$292,B92,'Cấp 5'!$E$5:$E$292,"Đạt") | F92: =COUNTIFS('Cấp 5'!$A$5:$A$292,B92,'Cấp 5'!$E$5:$E$292,"Một phần") | G92: =COUNTIFS('Cấp 5'!$A$5:$A$292,B92,'Cấp 5'!$E$5:$E$292,"Chưa") | H92: =COUNTIFS('Cấp 5'!$A$5:$A$292,B92,'Cấp 5'!$E$5:$E$292,"N/A") | I92: =D92-SUM(E92:H92) | J92: =IF(D92-H92=0,"",E92/(D92-H92))
A93: Cấp 5 | B93: 7.11 | C93: Sao lưu và khôi phục dữ liệu | D93: =COUNTIFS('Cấp 5'!$A$5:$A$292,B93) | E93: =COUNTIFS('Cấp 5'!$A$5:$A$292,B93,'Cấp 5'!$E$5:$E$292,"Đạt") | F93: =COUNTIFS('Cấp 5'!$A$5:$A$292,B93,'Cấp 5'!$E$5:$E$292,"Một phần") | G93: =COUNTIFS('Cấp 5'!$A$5:$A$292,B93,'Cấp 5'!$E$5:$E$292,"Chưa") | H93: =COUNTIFS('Cấp 5'!$A$5:$A$292,B93,'Cấp 5'!$E$5:$E$292,"N/A") | I93: =D93-SUM(E93:H93) | J93: =IF(D93-H93=0,"",E93/(D93-H93))
A94: Cấp 5 | B94: 7.12 | C94: Quản lý hạ tầng mạng | D94: =COUNTIFS('Cấp 5'!$A$5:$A$292,B94) | E94: =COUNTIFS('Cấp 5'!$A$5:$A$292,B94,'Cấp 5'!$E$5:$E$292,"Đạt") | F94: =COUNTIFS('Cấp 5'!$A$5:$A$292,B94,'Cấp 5'!$E$5:$E$292,"Một phần") | G94: =COUNTIFS('Cấp 5'!$A$5:$A$292,B94,'Cấp 5'!$E$5:$E$292,"Chưa") | H94: =COUNTIFS('Cấp 5'!$A$5:$A$292,B94,'Cấp 5'!$E$5:$E$292,"N/A") | I94: =D94-SUM(E94:H94) | J94: =IF(D94-H94=0,"",E94/(D94-H94))
... A100: Cấp 5 | B100: 7.18 | C100: Quản lý kiểm tra an ninh mạng (kiểm thử xâm nhập) | D100: =COUNTIFS('Cấp 5'!$A$5:$A$292,B100) | E100: =COUNTIFS('Cấp 5'!$A$5:$A$292,B100,'Cấp 5'!$E$5:$E$292,"Đạt") | F100: =COUNTIFS('Cấp 5'!$A$5:$A$292,B100,'Cấp 5'!$E$5:$E$292,"Một phần") | G100: =COUNTIFS('Cấp 5'!$A$5:$A$292,B100,'Cấp 5'!$E$5:$E$292,"Chưa") | H100: =COUNTIFS('Cấp 5'!$A$5:$A$292,B100,'Cấp 5'!$E$5:$E$292,"N/A") | I100: =D100-SUM(E100:H100) | J100: =IF(D100-H100=0,"",E100/(D100-H100))
A101: Cấp 5 | C101: Tổng | D101: =SUM(D83:D100) | E101: =SUM(E83:E100) | F101: =SUM(F83:F100) | G101: =SUM(G83:G100) | H101: =SUM(H83:H100) | I101: =SUM(I83:I100) | J101: =IF(D101-H101=0,"",E101/(D101-H101))

Sheet Cấp 1
A1: Checklist tự đánh giá — HTTT cấp độ 1 (TCVN 14423:2026 mục 3)
A2: Tóm lược để tra cứu; khi lập hồ sơ phải đối chiếu bản chính thức TCVN 14423:2026 (mua tại VSQI). Cột yêu cầu là diễn giải ngắn, không phải nguyên văn tiêu chuẩn.
A4: Nhóm | B4: Tên nhóm | C4: Mục TCVN | D4: Yêu cầu (tóm lược) | E4: Kết quả | F4: Bằng chứng cần lưu | G4: Ghi chú | H4: Người phụ trách | I4: Hạn khắc phục
A5: 3.1 | B5: Quản lý rủi ro an ninh mạng | C5: 3.1 a) | D5: Ban hành quy định/quy trình quản lý rủi ro đủ 4 bước: nhận diện, phân tích, đánh giá, xử lý | F5: Quy trình QLRR đã ký ban hành
A6: 3.1 | B6: Quản lý rủi ro an ninh mạng | C6: 3.1 b) | D6: Rà soát quy trình QLRR và tài liệu kèm theo ≥ 1 lần/năm hoặc khi tổ chức thay đổi | F6: Biên bản rà soát, lịch sử phiên bản
A7: 3.2 | B7: Quản lý tài sản phần cứng | C7: 3.2.1 a) | D7: Danh mục toàn bộ phần cứng của HTTT, kể cả thiết bị bên ngoài có kết nối vào; xác định tài sản cần giám sát | F7: Danh mục tài sản phần cứng
A8: 3.2 | B8: Quản lý tài sản phần cứng | C8: 3.2.1 b) | D8: Phát hiện tài sản vô chủ/trái phép để loại bỏ hoặc đưa vào quản lý | F8: Báo cáo rà soát tài sản
A9: 3.2 | B9: Quản lý tài sản phần cứng | C9: 3.2.1 c) | D9: Kiểm kê, cập nhật danh mục phần cứng ≥ 1 lần/năm | F9: Biên bản kiểm kê
A10: 3.2 | B10: Quản lý tài sản phần cứng | C10: 3.2.2.1 a) | D10: Danh mục phủ mọi thiết bị lưu trữ/xử lý dữ liệu: đầu cuối, di động, lưu trữ ngoài, văn phòng, mạng, OT/IoT, máy chủ vật lý/ảo/cloud | F10: Danh mục tài sản (CMDB/bảng tính)
A11: 3.2 | B11: Quản lý tài sản phần cứng | C11: 3.2.2.1 b) | D11: Trường tối thiểu: tên, IP tĩnh, MAC/serial, hạn hỗ trợ của hãng, vị trí địa lý và trong mạng, mục đích, tình trạng; gán người chịu trách nhiệm | F11: Danh mục có đủ trường, cột người phụ trách
A12: 3.2 | B12: Quản lý tài sản phần cứng | C12: 3.2.2.1 c) | D12: Đăng ký thiết bị di động được phép kết nối; quy định trách nhiệm cá nhân khi dùng cho công việc | F12: Sổ đăng ký thiết bị di động, quy định sử dụng
A13: 3.2 | B13: Quản lý tài sản phần cứng | C13: 3.2.2.2 a) | D13: Quy trình phát hiện, xử lý thiết bị lạ kết nối trái phép, thực hiện ≥ 1 lần/năm | F13: Quy trình + kết quả các lần rà soát
A14: 3.2 | B14: Quản lý tài sản phần cứng | C14: 3.2.2.2 b) | D14: Xử lý thiết bị trái phép bằng cách gỡ bỏ, từ chối kết nối hoặc cách ly | F14: Nhật ký xử lý
A15: 3.3 | B15: Quản lý tài sản phần mềm | C15: 3.3.1 a) | D15: Quản lý danh mục phần mềm; chỉ phần mềm đã phê duyệt mới được cài và dùng | F15: Danh mục phần mềm, quy trình phê duyệt
A16: 3.3 | B16: Quản lý tài sản phần mềm | C16: 3.3.1 b) | D16: Kiểm kê, cập nhật danh mục phần mềm ≥ 1 lần/năm | F16: Biên bản kiểm kê phần mềm
... A113: 3.15 | B113: Quản trị ứng phó sự cố an ninh mạng | C113: 3.15.2.3 b) | D113: Cập nhật quy trình ứng phó ≥ 1 lần/năm hoặc khi thay đổi | F113: Lịch sử phiên bản

Sheet Cấp 2
A1: Checklist tự đánh giá — HTTT cấp độ 2 (TCVN 14423:2026 mục 4)
A2: Tóm lược để tra cứu; khi lập hồ sơ phải đối chiếu bản chính thức TCVN 14423:2026 (mua tại VSQI). Cột yêu cầu là diễn giải ngắn, không phải nguyên văn tiêu chuẩn.
A4: Nhóm | B4: Tên nhóm | C4: Mục TCVN | D4: Yêu cầu (tóm lược) | E4: Kết quả | F4: Bằng chứng cần lưu | G4: Ghi chú | H4: Người phụ trách | I4: Hạn khắc phục
A5: 4.1 | B5: Quản lý rủi ro an ninh mạng | C5: 4.1 a) | D5: Ban hành quy định/quy trình quản lý rủi ro đủ 4 bước: nhận diện, phân tích, đánh giá, xử lý | F5: Quy trình QLRR đã ký ban hành
A6: 4.1 | B6: Quản lý rủi ro an ninh mạng | C6: 4.1 b) | D6: Rà soát quy trình QLRR và tài liệu kèm theo ≥ 1 lần/năm hoặc khi tổ chức thay đổi | F6: Biên bản rà soát, lịch sử phiên bản
A7: 4.2 | B7: Quản lý tài sản phần cứng | C7: 4.2.1 a) | D7: Danh mục toàn bộ phần cứng của HTTT, kể cả thiết bị bên ngoài có kết nối vào; xác định tài sản cần giám sát | F7: Danh mục tài sản phần cứng
A8: 4.2 | B8: Quản lý tài sản phần cứng | C8: 4.2.1 b) | D8: Phát hiện tài sản vô chủ/trái phép để loại bỏ hoặc đưa vào quản lý | F8: Báo cáo rà soát tài sản
A9: 4.2 | B9: Quản lý tài sản phần cứng | C9: 4.2.1 c) | D9: Kiểm kê, cập nhật danh mục tài sản ≥ 1 lần/năm | F9: Biên bản kiểm kê | G9: Mới/khác so với cấp 1
A10: 4.2 | B10: Quản lý tài sản phần cứng | C10: 4.2.2.1 a) | D10: Danh mục phủ mọi thiết bị lưu trữ/xử lý dữ liệu: đầu cuối, di động, lưu trữ ngoài, văn phòng, mạng, OT/IoT, máy chủ vật lý/ảo/cloud | F10: Danh mục tài sản (CMDB/bảng tính)
A11: 4.2 | B11: Quản lý tài sản phần cứng | C11: 4.2.2.1 b) | D11: Trường tối thiểu: tên, IP tĩnh, MAC/serial, hạn hỗ trợ của hãng, vị trí địa lý và trong mạng, mục đích, tình trạng; gán người chịu trách nhiệm | F11: Danh mục có đủ trường, cột người phụ trách
A12: 4.2 | B12: Quản lý tài sản phần cứng | C12: 4.2.2.1 c) | D12: Đăng ký thiết bị di động được phép kết nối; quy định trách nhiệm cá nhân khi dùng cho công việc | F12: Sổ đăng ký thiết bị di động, quy định sử dụng
A13: 4.2 | B13: Quản lý tài sản phần cứng | C13: 4.2.2.2 a) | D13: Quy trình phát hiện, xử lý thiết bị lạ kết nối trái phép, thực hiện ≥ 1 lần/năm | F13: Quy trình + kết quả các lần rà soát
A14: 4.2 | B14: Quản lý tài sản phần cứng | C14: 4.2.2.2 b) | D14: Xử lý thiết bị trái phép bằng cách gỡ bỏ, từ chối kết nối hoặc cách ly | F14: Nhật ký xử lý
A15: 4.2 | B15: Quản lý tài sản phần cứng | C15: 4.2.2.3 | D15: Có phương án xóa sạch dữ liệu khi chuyển giao hoặc đổi mục đích sử dụng phần cứng | F15: Quy trình xóa dữ liệu, biên bản xóa | G15: Mới/khác so với cấp 1
A16: 4.3 | B16: Quản lý tài sản phần mềm | C16: 4.3.1 a) | D16: Quản lý danh mục phần mềm; chỉ phần mềm đã phê duyệt mới được cài và dùng | F16: Danh mục phần mềm, quy trình phê duyệt
A17: 4.3 | B17: Quản lý tài sản phần mềm | C17: 4.3.1 b) | D17: Kiểm kê, cập nhật danh mục phần mềm ≥ 1 lần/năm | F17: Biên bản kiểm kê phần mềm
A18: 4.3 | B18: Quản lý tài sản phần mềm | C18: 4.3.2.1 a) | D18: Lập danh mục phần mềm đang cài trên các thiết bị thuộc HTTT | F18: Danh mục phần mềm (xuất từ công cụ inventory)
A19: 4.3 | B19: Quản lý tài sản phần mềm | C19: 4.3.2.1 b) | D19: Trường tối thiểu: tên, mục đích, hạn hỗ trợ, phạm vi, chủ quản, bản quyền, phiên bản, hệ thống thành phần; gán trách nhiệm | F19: Danh mục có đủ trường
A20: 4.3 | B20: Quản lý tài sản phần mềm | C20: 4.3.2.2 a) | D20: Quy trình phát hiện, xử lý phần mềm trái phép ≥ 1 lần/năm | F20: Quy trình + kết quả rà soát
A21: 4.3 | B21: Quản lý tài sản phần mềm | C21: 4.3.2.2 b) | D21: Phần mềm trái phép nhưng cần thiết đưa vào danh sách ngoại lệ, kèm biện pháp giảm thiểu | F21: Danh sách ngoại lệ có biện pháp kiểm soát
A22: 4.3 | B22: Quản lý tài sản phần mềm | C22: 4.3.2.2 c) | D22: Lập kế hoạch gỡ sớm phần mềm trái phép ngoài danh sách ngoại lệ | F22: Kế hoạch gỡ bỏ, bằng chứng đã gỡ
A23: 4.3 | B23: Quản lý tài sản phần mềm | C23: 4.3.2.3 a) | D23: Phần mềm thuê khoán: có hợp đồng, cam kết bảo mật với bên phát triển | F23: Hợp đồng, NDA | G23: Mới/khác so với cấp 1
A24: 4.3 | B24: Quản lý tài sản phần mềm | C24: 4.3.2.3 b) | D24: Yêu cầu bàn giao mã nguồn; nếu không được thì có chứng chỉ đánh giá độc lập hoặc kiểm thử xâm nhập + cam kết trách nhiệm pháp lý | F24: Biên bản bàn giao mã nguồn/chứng chỉ/cam kết | G24: Mới/khác so với cấp 1
A25: 4.4 | B25: Quản lý tài sản thông tin | C25: 4.4.2.1 a) | D25: Quy định quản lý tài sản thông tin: danh mục, mức nhạy cảm, chủ sở hữu, cách xử lý, thời hạn lưu, yêu cầu tiêu hủy | F25: Quy định quản lý tài sản thông tin
A26: 4.4 | B26: Quản lý tài sản thông tin | C26: 4.4.2.1 b) | D26: Phân loại mức nhạy cảm (gợi ý 3 mức: công khai, nội bộ, hạn chế truy cập) | F26: Bảng phân loại, nhãn dữ liệu | G26: Mới/khác so với cấp 1
A27: 4.4 | B27: Quản lý tài sản thông tin | C27: 4.4.2.1 c) | D27: Quy trình yêu cầu truy cập, thêm, sửa, xóa dữ liệu | F27: Quy trình + phiếu yêu cầu
A28: 4.4 | B28: Quản lý tài sản thông tin | C28: 4.4.2.1 d) | D28: Kiểm tra phân quyền dữ liệu ≥ 1 lần/năm | F28: Biên bản rà soát phân quyền
A29: 4.4 | B29: Quản lý tài sản thông tin | C29: 4.4.2.1 e) | D29: Rà soát quy trình quản lý tài sản thông tin ≥ 1 lần/năm hoặc khi thay đổi | F29: Lịch sử phiên bản quy trình
A30: 4.4 | B30: Quản lý tài sản thông tin | C30: 4.4.2.2 a) | D30: Lập danh mục tài sản thông tin theo quy trình đã ban hành | F30: Danh mục tài sản thông tin
A31: 4.4 | B31: Quản lý tài sản thông tin | C31: 4.4.2.2 b) | D31: Cập nhật danh mục tài sản thông tin ≥ 1 lần/năm hoặc khi thay đổi | F31: Ngày cập nhật danh mục
A32: 4.4 | B32: Quản lý tài sản thông tin | C32: 4.4.2.3 | D32: Ma trận quyền truy cập của từng tài khoản/người dùng với từng loại tài sản thông tin | F32: Ma trận phân quyền (ACL)
A33: 4.4 | B33: Quản lý tài sản thông tin | C33: 4.4.2.4 | D33: Mã hóa thông tin xác thực và dữ liệu không công khai khi lưu (hệ thống truy xuất lớn được dùng biện pháp tương đương) | F33: Cấu hình mã hóa (DB/đĩa/hash mật khẩu) | G33: Mới/khác so với cấp 1
A34: 4.5 | B34: Cấu hình an toàn phần cứng, phần mềm | C34: 4.5.2.1 a) | D34: Ban hành quy định/quy trình cấu hình an toàn cho phần cứng và phần mềm | F34: Quy trình cấu hình an toàn
A35: 4.5 | B35: Cấu hình an toàn phần cứng, phần mềm | C35: 4.5.2.1 b) | D35: Có tài liệu cấu hình chuẩn/hardening; giao thức an toàn; tường lửa host; chống tự động đăng nhập trên tài sản xử lý dữ liệu quan trọng | F35: Baseline cấu hình (vd theo CIS), ảnh chụp cấu hình | G35: Mới/khác so với cấp 1
A36: 4.5 | B36: Cấu hình an toàn phần cứng, phần mềm | C36: 4.5.2.1 c) | D36: Tắt giao thức mạng không an toàn và dịch vụ không dùng | F36: Kết quả quét cổng/dịch vụ | G36: Mới/khác so với cấp 1
A37: 4.5 | B37: Cấu hình an toàn phần cứng, phần mềm | C37: 4.5.2.1 d) | D37: Rà soát quy định và tài liệu cấu hình ≥ 1 lần/năm hoặc khi thay đổi | F37: Lịch sử phiên bản
A38: 4.5 | B38: Cấu hình an toàn phần cứng, phần mềm | C38: 4.5.2.2 a) | D38: Tự khóa phiên theo đánh giá rủi ro — gợi ý: máy người dùng ≤ 15'; phiên quản trị, di động ≤ 5'; phần mềm nghiệp vụ dữ liệu quan trọng ≤ 15' | F38: GPO/MDM/cấu hình timeout | G38: Mới/khác so với cấp 1
A39: 4.5 | B39: Cấu hình an toàn phần cứng, phần mềm | C39: 4.5.2.2 a) | D39: Khóa khi đăng nhập sai — gợi ý: laptop, điện thoại ≤ 10 lần; phần mềm nghiệp vụ dữ liệu quan trọng ≤ 5 lần; khóa 12 giờ–30 ngày | F39: Cấu hình lockout | G39: Mới/khác so với cấp 1
A40: 4.5 | B40: Cấu hình an toàn phần cứng, phần mềm | C40: 4.5.2.2 b) | D40: Có cơ chế mở khóa khẩn cấp cho quản trị viên/tài khoản đặc quyền | F40: Quy trình break-glass
A41: 4.6 | B41: Quản lý tài khoản và quyền truy cập | C41: 4.6.1 a) | D41: Quy trình, công cụ cấp/thu hồi quyền cho 4 loại tài khoản (quản trị, tác nghiệp, kỹ thuật, dịch vụ) theo vai trò | F41: Quy trình quản lý tài khoản
A42: 4.6 | B42: Quản lý tài khoản và quyền truy cập | C42: 4.6.1 c) | D42: Ghi log và giám sát hoạt động của tài khoản người dùng | F42: Cấu hình audit log đăng nhập
A43: 4.6 | B43: Quản lý tài khoản và quyền truy cập | C43: 4.6.2.1 a) | D43: Danh sách mọi tài khoản trên phần cứng và phần mềm | F43: Danh sách tài khoản
A44: 4.6 | B44: Quản lý tài khoản và quyền truy cập | C44: 4.6.2.1 b) | D44: Danh sách gồm tối thiểu: tài khoản quản trị, tác nghiệp, kỹ thuật | F44: Danh sách tài khoản phân loại | G44: Mới/khác so với cấp 1
A45: 4.6 | B45: Quản lý tài khoản và quyền truy cập | C45: 4.6.2.1 c) | D45: Trường tối thiểu: loại, tên, trạng thái, hệ thống, người quản lý, phòng ban, ngày kích hoạt/vô hiệu; không còn tài khoản không hợp lệ | F45: Danh sách có đủ trường
A46: 4.6 | B46: Quản lý tài khoản và quyền truy cập | C46: 4.6.2.1 d) | D46: Rà soát danh sách tài khoản ≥ 1 lần/năm | F46: Biên bản rà soát
A47: 4.6 | B47: Quản lý tài khoản và quyền truy cập | C47: 4.6.2.2 a) | D47: Cấu hình bắt đổi mật khẩu mặc định; quy tắc độ dài, loại ký tự; thời hạn đổi và thời hạn hiệu lực mật khẩu | F47: Chính sách mật khẩu (GPO/IdP) | G47: Mới/khác so với cấp 1
A48: 4.6 | B48: Quản lý tài khoản và quyền truy cập | C48: 4.6.2.2 b) | D48: Gợi ý: mật khẩu riêng cho từng tài sản hoặc xác thực tập trung; bắt đổi ở lần đăng nhập đầu | F48: Cấu hình IdP/SSO
A49: 4.6 | B49: Quản lý tài khoản và quyền truy cập | C49: 4.6.2.2 b) | D49: Gợi ý độ dài: ≥ 8 ký tự nếu có MFA; ≥ 14 ký tự gồm đủ 4 loại ký tự nếu không có MFA | F49: Chính sách mật khẩu
A50: 4.6 | B50: Quản lý tài khoản và quyền truy cập | C50: 4.6.2.2 b) | D50: Tài khoản quản trị đổi mật khẩu ít nhất 2 tháng/lần | F50: Chính sách hết hạn mật khẩu tài khoản quản trị
A51: 4.6 | B51: Quản lý tài khoản và quyền truy cập | C51: 4.6.2.3 | D51: Đổi hoặc vô hiệu hóa tài khoản mặc định (root, administrator, tài khoản cài sẵn của hãng) | F51: Danh sách tài khoản mặc định đã xử lý
A52: 4.6 | B52: Quản lý tài khoản và quyền truy cập | C52: 4.6.2.3 | D52: Tách biệt quản lý 4 loại tài khoản | F52: Quy định + danh sách phân loại
A53: 4.6 | B53: Quản lý tài khoản và quyền truy cập | C53: 4.6.2.3 | D53: Mỗi tài khoản gắn một người; dùng chung phải được phê duyệt và truy vết được người dùng từng thời điểm | F53: Phê duyệt tài khoản dùng chung, sổ theo dõi
A54: 4.6 | B54: Quản lý tài khoản và quyền truy cập | C54: 4.6.2.3 | D54: Xóa/vô hiệu hóa tài khoản không hoạt động quá 45 ngày hoặc ngay khi đổi nhân sự | F54: Báo cáo tài khoản inactive
A55: 4.6 | B55: Quản lý tài khoản và quyền truy cập | C55: 4.6.2.3 | D55: Rà soát quy định quản lý tài khoản ≥ 1 lần/năm hoặc khi thay đổi | F55: Lịch sử phiên bản
A56: 4.6 | B56: Quản lý tài khoản và quyền truy cập | C56: 4.6.2.4 | D56: Áp dụng đặc quyền tối thiểu và phân tách nhiệm vụ cho mọi loại tài khoản | F56: Ma trận vai trò – quyền
A57: 4.6 | B57: Quản lý tài khoản và quyền truy cập | C57: 4.6.2.4 | D57: Tài liệu hóa quyền cần thiết theo chức danh, bộ phận | F57: Ma trận quyền theo chức danh
A58: 4.6 | B58: Quản lý tài khoản và quyền truy cập | C58: 4.6.2.4 | D58: MFA cho truy cập từ ngoài tổ chức, từ đối tác/bên thứ ba, từ Internet và cho tài khoản quản trị | F58: Cấu hình MFA
A59: 4.6 | B59: Quản lý tài khoản và quyền truy cập | C59: 4.6.2.4 | D59: Rà soát quy định quản lý truy cập ≥ 1 lần/năm hoặc khi thay đổi | F59: Lịch sử phiên bản
... A62: 4.7 | B62: Quản lý lỗ hổng bảo mật | C62: 4.7.2.1 b) | D62: Rà soát quy trình và thực hiện rà quét lỗ hổng ≥ 1 lần/năm hoặc khi thay đổi | F62: Báo cáo rà quét, biên bản rà soát
A63: 4.7 | B63: Quản lý lỗ hổng bảo mật | C63: 4.7.2.2 | D63: Có phương án vá cho toàn bộ phần cứng, phần mềm của HTTT | F63: Kế hoạch vá | G63: Mới/khác so với cấp 1
A64: 4.7 | B64: Quản lý lỗ hổng bảo mật | C64: 4.7.2.2 | D64: Trước khi vá hệ thống có dữ liệu quan trọng: đánh giá tác động, thử nghiệm, có phương án khôi phục | F64: Biên bản thử nghiệm bản vá | G64: Mới/khác so với cấp 1
A65: 4.7 | B65: Quản lý lỗ hổng bảo mật | C65: 4.7.2.2 | D65: Kiểm tra, cập nhật bản vá HĐH và ứng dụng cho máy tính, di động cấp cho người dùng ≥ 1 lần/tháng | F65: Báo cáo tuân thủ bản vá hằng tháng
A66: 4.7 | B66: Quản lý lỗ hổng bảo mật | C66: 4.7.2.2 | D66: Giám sát để phát hiện lỗ hổng mới và vá kịp thời | F66: Nhật ký vá
A67: 4.8 | B67: Quản lý nhật ký an ninh mạng | C67: 4.8.2.1 a) | D67: Quy định quản lý log: cách ghi, thu thập, kiểm tra, lưu trữ | F67: Quy định quản lý nhật ký
A68: 4.8 | B68: Quản lý nhật ký an ninh mạng | C68: 4.8.2.1 a) | D68: Thu thập tối thiểu: log truy cập hệ thống, log ứng dụng, log cảnh báo thiết bị bảo mật | F68: Danh sách nguồn log | G68: Mới/khác so với cấp 1
A69: 4.8 | B69: Quản lý nhật ký an ninh mạng | C69: 4.8.2.1 a) | D69: Log truy cập có nguồn, đích, tài khoản, thời điểm, hành vi; log cảnh báo có tên, thiết bị, mức độ, nguồn, loại, thời điểm | F69: Mẫu bản ghi log | G69: Mới/khác so với cấp 1
A70: 4.8 | B70: Quản lý nhật ký an ninh mạng | C70: 4.8.2.1 a) | D70: Đồng bộ thời gian qua máy chủ thời gian (NTP) cho mọi thành phần tham gia giám sát | F70: Cấu hình NTP
A71: 4.8 | B71: Quản lý nhật ký an ninh mạng | C71: 4.8.2.1 a) | D71: Bảo đảm dung lượng lưu log tối thiểu 1 tháng | F71: Cấu hình retention, ảnh chụp dung lượng | G71: Mới/khác so với cấp 1
A72: 4.8 | B72: Quản lý nhật ký an ninh mạng | C72: 4.8.2.1 a) | D72: Rà soát log ANM ≥ 1 lần/năm | F72: Biên bản rà soát log
A73: 4.8 | B73: Quản lý nhật ký an ninh mạng | C73: 4.8.2.1 b) | D73: Kiểm tra, cập nhật quy trình quản lý log ≥ 1 lần/năm hoặc khi thay đổi | F73: Lịch sử phiên bản
A74: 4.9 | B74: Bảo vệ trình duyệt web, thư điện tử | C74: 4.9.2.1 a) | D74: Danh sách trình duyệt và dịch vụ email được phép | F74: Danh sách được phép
A75: 4.9 | B75: Bảo vệ trình duyệt web, thư điện tử | C75: 4.9.2.1 b) | D75: Chỉ dùng phiên bản còn được hãng hỗ trợ | F75: Báo cáo phiên bản
A76: 4.9 | B76: Bảo vệ trình duyệt web, thư điện tử | C76: 4.9.2.1 c) | D76: Cập nhật bản vá trình duyệt, email thường xuyên (hoặc biện pháp tương đương) | F76: Báo cáo bản vá
A77: 4.9 | B77: Bảo vệ trình duyệt web, thư điện tử | C77: 4.9.2.2 | D77: Dùng dịch vụ lọc tên miền (DNS filtering) chặn tên miền giả mạo, độc hại | F77: Cấu hình DNS filtering
A78: 4.10 | B78: Phòng chống phần mềm độc hại | C78: 4.10.1 a) | D78: Quy định phòng, chống, khắc phục mã độc | F78: Quy định phòng chống mã độc
A79: 4.10 | B79: Phòng chống phần mềm độc hại | C79: 4.10.1 b) | D79: Chống mã độc cho mọi tài sản và điểm kết nối (trong và ngoài); tự quét, chặn, cập nhật mẫu, gắn với quy trình lỗ hổng/sự cố | F79: Kiến trúc giải pháp
A80: 4.10 | B80: Phòng chống phần mềm độc hại | C80: 4.10.2.1 a) | D80: Cài và duy trì phần mềm chống mã độc (hoặc tương đương) trên máy chủ, máy người dùng | F80: Báo cáo độ phủ agent
A81: 4.10 | B81: Phòng chống phần mềm độc hại | C81: 4.10.2.1 b) | D81: Tính năng tối thiểu: bảo vệ thời gian thực, tự cập nhật mẫu nhận diện | F81: Cấu hình sản phẩm
A82: 4.10 | B82: Phòng chống phần mềm độc hại | C82: 4.10.2.2 | D82: Quét mã độc và tắt autorun/autoplay với USB, ổ cứng, thẻ nhớ | F82: GPO tắt autorun, chính sách quét
A83: 4.11 | B83: Sao lưu và khôi phục dữ liệu | C83: 4.11.2.1 a) | D83: Quy định sao lưu/khôi phục: loại dữ liệu (cấu hình, bản dự phòng HĐH máy chủ, CSDL, dữ liệu nghiệp vụ), tần suất, phương pháp, vùng lưu, khôi phục thử định kỳ | F83: Quy định sao lưu
... A86: 4.11 | B86: Sao lưu và khôi phục dữ liệu | C86: 4.11.2.3 | D86: Bảo vệ bản sao lưu: toàn vẹn, sẵn sàng, khôi phục được | F86: Cấu hình bảo vệ
A87: 4.11 | B87: Sao lưu và khôi phục dữ liệu | C87: 4.11.2.4 | D87: Định danh, quản lý phiên bản bản sao lưu; lưu trên hạ tầng tách biệt môi trường vận hành | F87: Sơ đồ hạ tầng backup | G87: Mới/khác so với cấp 1
A88: 4.12 | B88: Quản lý hạ tầng mạng | C88: 4.12.2.1 a) | D88: Lập, duy trì sơ đồ kiến trúc mạng và hồ sơ mạng | F88: Sơ đồ mạng; biên bản thẩm tra thiết kế (cấp 4–5)
A89: 4.12 | B89: Quản lý hạ tầng mạng | C89: 4.12.2.1 b) | D89: Kiến trúc mạng an toàn theo 3 nguyên tắc: phân vùng, đặc quyền tối thiểu, sẵn sàng | F89: Tài liệu kiến trúc
A90: 4.12 | B90: Quản lý hạ tầng mạng | C90: 4.12.2.1 c) | D90: Hồ sơ mạng gồm: tổng quan kiến trúc, sơ đồ chi tiết, tài liệu kỹ thuật, mô tả phương án ANM | F90: Bộ hồ sơ mạng
A91: 4.12 | B91: Quản lý hạ tầng mạng | C91: 4.12.2.1 d) | D91: Khi đổi thiết kế, đánh giá lại sự phù hợp với yêu cầu an toàn | F91: Biên bản đánh giá thay đổi | G91: Mới/khác so với cấp 1
A92: 4.12 | B92: Quản lý hạ tầng mạng | C92: 4.12.2.1 e) | D92: Cập nhật sơ đồ mạng 1 lần/năm hoặc khi thay đổi | F92: Lịch sử phiên bản sơ đồ
A93: 4.12 | B93: Quản lý hạ tầng mạng | C93: 4.12.2.2 a) | D93: Có phương án dự phòng cho thiết bị mạng chính | F93: Sơ đồ HA, hợp đồng kênh truyền
A94: 4.12 | B94: Quản lý hạ tầng mạng | C94: 4.12.2.2 a) | D94: Tường lửa có IPS (hoặc tương đương) kiểm soát truy cập, chống xâm nhập giữa các vùng mạng | F94: Cấu hình NGFW/IPS
A95: 4.12 | B95: Quản lý hạ tầng mạng | C95: 4.12.2.2 a) | D95: WAF (hoặc tương đương) cho ứng dụng web (nếu có) | F95: Cấu hình WAF | G95: Mới/khác so với cấp 1
A96: 4.12 | B96: Quản lý hạ tầng mạng | C96: 4.12.2.2 a) | D96: Cập nhật định kỳ CSDL nhận diện tấn công cho các giải pháp ANM | F96: Nhật ký cập nhật signature
A97: 4.12 | B97: Quản lý hạ tầng mạng | C97: 4.12.2.2 a) | D97: Quản lý thay đổi | F97: Phiếu thay đổi (change request)
A98: 4.12 | B98: Quản lý hạ tầng mạng | C98: 4.12.2.2 a) | D98: Theo dõi hiệu năng (CPU, RAM…) để bảo đảm hoạt động bình thường | F98: Dashboard giám sát
A99: 4.12 | B99: Quản lý hạ tầng mạng | C99: 4.12.2.2 b) | D99: Phân vùng tối thiểu: máy chủ, DMZ, không dây (nếu có), nội bộ, biên | F99: Sơ đồ phân vùng, ACL giữa vùng | G99: Mới/khác so với cấp 1
A100: 4.12 | B100: Quản lý hạ tầng mạng | C100: 4.12.2.3 a) | D100: Lập kế hoạch và quy trình kiểm thử, nghiệm thu (nêu rõ nội dung cần thử) | F100: Kế hoạch thử nghiệm
A101: 4.12 | B101: Quản lý hạ tầng mạng | C101: 4.12.2.3 b) | D101: Kiểm thử hệ thống trước khi đưa vào vận hành | F101: Báo cáo kiểm thử
A102: 4.12 | B102: Quản lý hạ tầng mạng | C102: 4.12.2.3 c) | D102: Có nhân sự phụ trách thử nghiệm, nghiệm thu | F102: Quyết định phân công
A103: 4.12 | B103: Quản lý hạ tầng mạng | C103: 4.12.2.4 a) | D103: Chỉ cho phép kết nối an toàn (nếu hỗ trợ) khi truy cập nội bộ hoặc quản trị từ xa | F103: Cấu hình SSH/TLS, tắt Telnet/HTTP
A104: 4.12 | B104: Quản lý hạ tầng mạng | C104: 4.12.2.4 b) | D104: Kiểm soát truy cập từ ngoài vào theo từng dịch vụ; chặn mọi truy cập không được phép | F104: Rule firewall
A105: 4.12 | B105: Quản lý hạ tầng mạng | C105: 4.12.2.4 c) | D105: Giới hạn dải địa chỉ/thiết bị được phép quản trị từ xa | F105: ACL quản trị | G105: Mới/khác so với cấp 1
...

Sheet Cấp 3
A1: Checklist tự đánh giá — HTTT cấp độ 3 (TCVN 14423:2026 mục 5)
A2: Tóm lược để tra cứu; khi lập hồ sơ phải đối chiếu bản chính thức TCVN 14423:2026 (mua tại VSQI). Cột yêu cầu là diễn giải ngắn, không phải nguyên văn tiêu chuẩn.
A4: Nhóm | B4: Tên nhóm | C4: Mục TCVN | D4: Yêu cầu (tóm lược) | E4: Kết quả | F4: Bằng chứng cần lưu | G4: Ghi chú | H4: Người phụ trách | I4: Hạn khắc phục
A5: 5.1 | B5: Quản lý rủi ro an ninh mạng | C5: 5.1.2.1 a) | D5: Ban hành quy định/quy trình quản lý rủi ro đủ 4 bước: nhận diện, phân tích, đánh giá, xử lý | F5: Quy trình QLRR đã ký ban hành
A6: 5.1 | B6: Quản lý rủi ro an ninh mạng | C6: 5.1.2.1 b) | D6: Rà soát quy trình QLRR và tài liệu kèm theo ≥ 1 lần/năm hoặc khi tổ chức thay đổi | F6: Biên bản rà soát, lịch sử phiên bản
A7: 5.1 | B7: Quản lý rủi ro an ninh mạng | C7: 5.1.2.2 a) | D7: Nhận diện rủi ro dựa trên tài sản, lỗ hổng, hạ tầng mạng, nhận thức, tài khoản–quyền… | F7: Sổ đăng ký rủi ro (risk register) | G7: Mới/khác so với cấp 2
A8: 5.1 | B8: Quản lý rủi ro an ninh mạng | C8: 5.1.2.2 b) | D8: Nhận diện riêng rủi ro đến từ bên thứ ba, nhà cung cấp | F8: Mục rủi ro bên thứ ba trong risk register | G8: Mới/khác so với cấp 2
A9: 5.1 | B9: Quản lý rủi ro an ninh mạng | C9: 5.1.2.2 c) | D9: Lặp lại nhận diện rủi ro ≥ 1 lần/năm hoặc khi hệ thống thay đổi, có lỗ hổng/sự kiện mới | F9: Risk register có ngày cập nhật | G9: Mới/khác so với cấp 2
A10: 5.1 | B10: Quản lý rủi ro an ninh mạng | C10: 5.1.2.3 a) | D10: Phân tích mức tác động để quyết định chấp nhận hay giảm thiểu từng rủi ro | F10: Bảng đánh giá rủi ro, quyết định xử lý | G10: Mới/khác so với cấp 2
A11: 5.1 | B11: Quản lý rủi ro an ninh mạng | C11: 5.1.2.3 b) | D11: Đánh giá ngay sau khi nhận diện; đánh giá lại khi hệ thống, tổ chức thay đổi hoặc có sự kiện ANM | F11: Lịch sử đánh giá lại | G11: Mới/khác so với cấp 2
A12: 5.1 | B12: Quản lý rủi ro an ninh mạng | C12: 5.1.2.4 a) | D12: Triển khai biện pháp xử lý và lập phương án ứng phó cho rủi ro tồn dư | F12: Kế hoạch xử lý rủi ro, phương án rủi ro tồn dư | G12: Mới/khác so với cấp 2
A13: 5.1 | B13: Quản lý rủi ro an ninh mạng | C13: 5.1.2.4 b) | D13: Đánh giá, cải thiện hiệu quả biện pháp kiểm soát ≥ 1 lần/năm | F13: Báo cáo đánh giá hiệu quả kiểm soát | G13: Mới/khác so với cấp 2
A14: 5.1 | B14: Quản lý rủi ro an ninh mạng | C14: 5.1.2.5 | D14: Theo dõi biến động rủi ro: khả năng xảy ra, tác động, mức rủi ro, tài sản liên quan, biện pháp đã áp dụng | F14: Các cột tương ứng trong risk register | G14: Mới/khác so với cấp 2
A15: 5.1 | B15: Quản lý rủi ro an ninh mạng | C15: 5.1.2.6 | D15: Thông báo kịp thời cho bên liên quan khi rủi ro có thay đổi quan trọng | F15: Thông báo, kênh truyền thông rủi ro | G15: Mới/khác so với cấp 2
A16: 5.2 | B16: Quản lý tài sản phần cứng | C16: 5.2.1 a) | D16: Danh mục toàn bộ phần cứng của HTTT, kể cả thiết bị bên ngoài có kết nối vào; xác định tài sản cần giám sát | F16: Danh mục tài sản phần cứng
A17: 5.2 | B17: Quản lý tài sản phần cứng | C17: 5.2.1 b) | D17: Phát hiện tài sản vô chủ/trái phép để loại bỏ hoặc đưa vào quản lý | F17: Báo cáo rà soát tài sản
A18: 5.2 | B18: Quản lý tài sản phần cứng | C18: 5.2.1 c) | D18: Kiểm kê, cập nhật danh mục tài sản ≥ 1 lần/năm | F18: Biên bản kiểm kê
A19: 5.2 | B19: Quản lý tài sản phần cứng | C19: 5.2.2.1 a) | D19: Danh mục phủ mọi thiết bị lưu trữ/xử lý dữ liệu: đầu cuối, di động, lưu trữ ngoài, văn phòng, mạng, OT/IoT, máy chủ vật lý/ảo/cloud | F19: Danh mục tài sản (CMDB/bảng tính)
A20: 5.2 | B20: Quản lý tài sản phần cứng | C20: 5.2.2.1 b) | D20: Trường tối thiểu: tên, IP tĩnh, MAC/serial, hạn hỗ trợ của hãng, vị trí địa lý và trong mạng, mục đích, tình trạng; gán người chịu trách nhiệm | F20: Danh mục có đủ trường, cột người phụ trách
A21: 5.2 | B21: Quản lý tài sản phần cứng | C21: 5.2.2.1 c) | D21: Đăng ký thiết bị di động được phép kết nối; quy định trách nhiệm cá nhân khi dùng cho công việc | F21: Sổ đăng ký thiết bị di động, quy định sử dụng
A22: 5.2 | B22: Quản lý tài sản phần cứng | C22: 5.2.2.2 a) | D22: Quy trình phát hiện, xử lý thiết bị lạ kết nối trái phép, thực hiện ≥ 1 lần/6 tháng | F22: Quy trình + kết quả các lần rà soát | G22: Mới/khác so với cấp 2
A23: 5.2 | B23: Quản lý tài sản phần cứng | C23: 5.2.2.2 b) | D23: Xử lý thiết bị trái phép bằng cách gỡ bỏ, từ chối kết nối hoặc cách ly | F23: Nhật ký xử lý
A24: 5.2 | B24: Quản lý tài sản phần cứng | C24: 5.2.2.3 | D24: Có phương án xóa sạch dữ liệu khi chuyển giao hoặc đổi mục đích sử dụng phần cứng | F24: Quy trình xóa dữ liệu, biên bản xóa
A25: 5.2 | B25: Quản lý tài sản phần cứng | C25: 5.2.2.4 a) | D25: Bật ghi log DHCP trên mọi máy chủ DHCP/công cụ quản lý IP (nếu có) | F25: Cấu hình log DHCP/IPAM | G25: Mới/khác so với cấp 2
A26: 5.2 | B26: Quản lý tài sản phần cứng | C26: 5.2.2.4 b) | D26: Rà soát log DHCP để cập nhật danh mục ≥ 1 lần/6 tháng | F26: Biên bản rà soát log DHCP | G26: Mới/khác so với cấp 2
A27: 5.3 | B27: Quản lý tài sản phần mềm | C27: 5.3.1 a) | D27: Quản lý danh mục phần mềm; chỉ phần mềm đã phê duyệt mới được cài và dùng | F27: Danh mục phần mềm, quy trình phê duyệt
A28: 5.3 | B28: Quản lý tài sản phần mềm | C28: 5.3.1 b) | D28: Kiểm kê, cập nhật danh mục phần mềm ≥ 1 lần/năm | F28: Biên bản kiểm kê phần mềm
A29: 5.3 | B29: Quản lý tài sản phần mềm | C29: 5.3.2.1 a) | D29: Lập danh mục phần mềm đang cài trên các thiết bị thuộc HTTT | F29: Danh mục phần mềm (xuất từ công cụ inventory)
A30: 5.3 | B30: Quản lý tài sản phần mềm | C30: 5.3.2.1 b) | D30: Trường tối thiểu: tên, mục đích, hạn hỗ trợ, phạm vi, chủ quản, bản quyền, phiên bản, hệ thống thành phần; gán trách nhiệm | F30: Danh mục có đủ trường
A31: 5.3 | B31: Quản lý tài sản phần mềm | C31: 5.3.2.2 a) | D31: Lập danh sách phần mềm được phép sử dụng (whitelist) | F31: Danh sách phần mềm được phép | G31: Mới/khác so với cấp 2
A32: 5.3 | B32: Quản lý tài sản phần mềm | C32: 5.3.2.2 b) | D32: Whitelist gồm cả phần mềm do nhà cung cấp dịch vụ đưa vào và môi trường thực thi của ứng dụng | F32: Whitelist có mục runtime/phần mềm NCC | G32: Mới/khác so với cấp 2
A33: 5.3 | B33: Quản lý tài sản phần mềm | C33: 5.3.2.2 c) | D33: Kiểm soát cài đặt: đặc quyền tối thiểu, chặn cài/gỡ/thực thi trái phép, theo dõi hoạt động cài đặt | F33: Chính sách GPO/MDM/app control, log cài đặt | G33: Mới/khác so với cấp 2
A34: 5.3 | B34: Quản lý tài sản phần mềm | C34: 5.3.2.2 d) | D34: Rà soát whitelist ≥ 1 lần/năm hoặc khi tổ chức thay đổi | F34: Biên bản rà soát whitelist | G34: Mới/khác so với cấp 2
A35: 5.3 | B35: Quản lý tài sản phần mềm | C35: 5.3.2.3 a) | D35: Quy trình phát hiện, xử lý phần mềm trái phép ≥ 1 lần/năm | F35: Quy trình + kết quả rà soát
A36: 5.3 | B36: Quản lý tài sản phần mềm | C36: 5.3.2.3 b) | D36: Phần mềm trái phép nhưng cần thiết đưa vào danh sách ngoại lệ, kèm biện pháp giảm thiểu | F36: Danh sách ngoại lệ có biện pháp kiểm soát
A37: 5.3 | B37: Quản lý tài sản phần mềm | C37: 5.3.2.3 c) | D37: Lập kế hoạch gỡ sớm phần mềm trái phép ngoài danh sách ngoại lệ | F37: Kế hoạch gỡ bỏ, bằng chứng đã gỡ
A38: 5.4 | B38: Quản lý tài sản thông tin | C38: 5.4.2.1 a) | D38: Quy định quản lý tài sản thông tin: danh mục, mức nhạy cảm, chủ sở hữu, cách xử lý, thời hạn lưu, yêu cầu tiêu hủy | F38: Quy định quản lý tài sản thông tin
A39: 5.4 | B39: Quản lý tài sản thông tin | C39: 5.4.2.1 b) | D39: Phân loại mức nhạy cảm (gợi ý 4 mức: công khai, nội bộ, hạn chế, bí mật nhà nước) | F39: Bảng phân loại, nhãn dữ liệu | G39: Mới/khác so với cấp 2
A40: 5.4 | B40: Quản lý tài sản thông tin | C40: 5.4.2.1 c) | D40: Quy trình yêu cầu truy cập, thêm, sửa, xóa dữ liệu | F40: Quy trình + phiếu yêu cầu
A41: 5.4 | B41: Quản lý tài sản thông tin | C41: 5.4.2.1 d) | D41: Kiểm tra phân quyền dữ liệu ≥ 1 lần/6 tháng | F41: Biên bản rà soát phân quyền | G41: Mới/khác so với cấp 2
A42: 5.4 | B42: Quản lý tài sản thông tin | C42: 5.4.2.1 e) | D42: Rà soát quy trình quản lý tài sản thông tin ≥ 1 lần/năm hoặc khi thay đổi | F42: Lịch sử phiên bản quy trình
A43: 5.4 | B43: Quản lý tài sản thông tin | C43: 5.4.2.2 a) | D43: Lập danh mục tài sản thông tin theo quy trình đã ban hành | F43: Danh mục tài sản thông tin
A44: 5.4 | B44: Quản lý tài sản thông tin | C44: 5.4.2.2 b) | D44: Cập nhật danh mục tài sản thông tin ≥ 1 lần/năm hoặc khi thay đổi | F44: Ngày cập nhật danh mục
A45: 5.4 | B45: Quản lý tài sản thông tin | C45: 5.4.2.3 | D45: Ma trận quyền truy cập của từng tài khoản/người dùng với từng loại tài sản thông tin | F45: Ma trận phân quyền (ACL)
A46: 5.4 | B46: Quản lý tài sản thông tin | C46: 5.4.2.4 a) | D46: Mã hóa (hoặc tương đương) thông tin xác thực, dữ liệu nhạy cảm cao, dữ liệu quan trọng khi lưu | F46: Cấu hình mã hóa (DB/đĩa/hash mật khẩu) | G46: Mới/khác so với cấp 2
A47: 5.4 | B47: Quản lý tài sản thông tin | C47: 5.4.2.4 b) | D47: Bảo vệ thông tin xác thực, dữ liệu quan trọng khi truyền (mã hóa hoặc tương đương) | F47: Cấu hình TLS/VPN, kết quả kiểm tra | G47: Mới/khác so với cấp 2
A48: 5.4 | B48: Quản lý tài sản thông tin | C48: 5.4.2.4 c) | D48: Bảo vệ và quản lý vòng đời khóa mã hóa | F48: Quy trình quản lý khóa, KMS | G48: Mới/khác so với cấp 2
A49: 5.4 | B49: Quản lý tài sản thông tin | C49: 5.4.2.5 | D49: Lưu dữ liệu quan trọng kèm mã kiểm tra toàn vẹn (checksum/hash/chữ ký) | F49: Thiết kế kiểm tra toàn vẹn | G49: Mới/khác so với cấp 2
A50: 5.4 | B50: Quản lý tài sản thông tin | C50: 5.4.2.6 a) | D50: Tài liệu hóa các luồng dữ liệu quan trọng trong HTTT | F50: Sơ đồ luồng dữ liệu | G50: Mới/khác so với cấp 2
A51: 5.4 | B51: Quản lý tài sản thông tin | C51: 5.4.2.6 b) | D51: Áp dụng quy định quản lý phiên bản tài liệu | F51: Quy định quản lý tài liệu | G51: Mới/khác so với cấp 2
A52: 5.4 | B52: Quản lý tài sản thông tin | C52: 5.4.2.6 c) | D52: Cập nhật tài liệu luồng dữ liệu ≥ 1 lần/năm hoặc khi thay đổi | F52: Lịch sử phiên bản | G52: Mới/khác so với cấp 2
A53: 5.4 | B53: Quản lý tài sản thông tin | C53: 5.4.2.7 a) | D53: Có quy định về xử lý dữ liệu quan trọng | F53: Quy định xử lý dữ liệu | G53: Mới/khác so với cấp 2
A54: 5.4 | B54: Quản lý tài sản thông tin | C54: 5.4.2.7 b) | D54: Tách môi trường xử lý/lưu dữ liệu nhạy cảm cao, quan trọng khỏi dữ liệu nhạy cảm thấp (logic/vật lý hoặc tương đương) | F54: Sơ đồ phân tách môi trường | G54: Mới/khác so với cấp 2
A55: 5.4 | B55: Quản lý tài sản thông tin | C55: 5.4.2.8 | D55: Dùng chữ ký số khi trao đổi dữ liệu nhạy cảm cao, dữ liệu quan trọng | F55: Quy định + mẫu văn bản đã ký số | G55: Mới/khác so với cấp 2
A56: 5.5 | B56: Cấu hình an toàn phần cứng, phần mềm | C56: 5.5.2.1 a) | D56: Ban hành quy định/quy trình cấu hình an toàn cho phần cứng và phần mềm | F56: Quy trình cấu hình an toàn
A57: 5.5 | B57: Cấu hình an toàn phần cứng, phần mềm | C57: 5.5.2.1 b) | D57: Có tài liệu cấu hình chuẩn/hardening; giao thức an toàn; tường lửa host; chống tự động đăng nhập trên tài sản xử lý dữ liệu quan trọng | F57: Baseline cấu hình (vd theo CIS), ảnh chụp cấu hình
A58: 5.5 | B58: Cấu hình an toàn phần cứng, phần mềm | C58: 5.5.2.1 c) | D58: Tắt giao thức mạng không an toàn và dịch vụ không dùng | F58: Kết quả quét cổng/dịch vụ
A59: 5.5 | B59: Cấu hình an toàn phần cứng, phần mềm | C59: 5.5.2.1 d) | D59: Hardening thiết bị trước khi đưa vào vận hành | F59: Checklist hardening trước go-live | G59: Mới/khác so với cấp 2
A60: 5.5 | B60: Cấu hình an toàn phần cứng, phần mềm | C60: 5.5.2.1 e) | D60: Rà soát quy định và tài liệu cấu hình ≥ 1 lần/năm hoặc khi thay đổi | F60: Lịch sử phiên bản
A61: 5.5 | B61: Cấu hình an toàn phần cứng, phần mềm | C61: 5.5.2.2 a) | D61: Tự khóa phiên theo đánh giá rủi ro — gợi ý: máy người dùng ≤ 15'; phiên quản trị, di động ≤ 5'; phần mềm nghiệp vụ dữ liệu quan trọng ≤ 15' | F61: GPO/MDM/cấu hình timeout
A62: 5.5 | B62: Cấu hình an toàn phần cứng, phần mềm | C62: 5.5.2.2 a) | D62: Khóa khi đăng nhập sai — gợi ý: laptop, điện thoại ≤ 10 lần; phần mềm nghiệp vụ dữ liệu quan trọng ≤ 5 lần; khóa 12 giờ–30 ngày | F62: Cấu hình lockout
A63: 5.5 | B63: Cấu hình an toàn phần cứng, phần mềm | C63: 5.5.2.2 b) | D63: Có cơ chế mở khóa khẩn cấp cho quản trị viên/tài khoản đặc quyền | F63: Quy trình break-glass
A64: 5.6 | B64: Quản lý tài khoản và quyền truy cập | C64: 5.6.1 a) | D64: Quy trình, công cụ cấp/thu hồi quyền cho 4 loại tài khoản (quản trị, tác nghiệp, kỹ thuật, dịch vụ) theo vai trò | F64: Quy trình quản lý tài khoản
A65: 5.6 | B65: Quản lý tài khoản và quyền truy cập | C65: 5.6.1 c) | D65: Ghi log và giám sát hoạt động của tài khoản người dùng | F65: Cấu hình audit log đăng nhập
A66: 5.6 | B66: Quản lý tài khoản và quyền truy cập | C66: 5.6.2.1 a) | D66: Danh sách mọi tài khoản trên phần cứng và phần mềm | F66: Danh sách tài khoản
A67: 5.6 | B67: Quản lý tài khoản và quyền truy cập | C67: 5.6.2.1 b) | D67: Danh sách gồm tối thiểu: tài khoản quản trị, tác nghiệp, kỹ thuật | F67: Danh sách tài khoản phân loại
A68: 5.6 | B68: Quản lý tài khoản và quyền truy cập | C68: 5.6.2.1 c) | D68: Trường tối thiểu: loại, tên, trạng thái, hệ thống, người quản lý, phòng ban, ngày kích hoạt/vô hiệu; không còn tài khoản không hợp lệ | F68: Danh sách có đủ trường
A69: 5.6 | B69: Quản lý tài khoản và quyền truy cập | C69: 5.6.2.1 d) | D69: Rà soát danh sách tài khoản ≥ 1 lần/6 tháng | F69: Biên bản rà soát | G69: Mới/khác so với cấp 2
A70: 5.6 | B70: Quản lý tài khoản và quyền truy cập | C70: 5.6.2.2 a) | D70: Cấu hình bắt đổi mật khẩu mặc định; quy tắc độ dài, loại ký tự; thời hạn đổi và thời hạn hiệu lực mật khẩu | F70: Chính sách mật khẩu (GPO/IdP)
A71: 5.6 | B71: Quản lý tài khoản và quyền truy cập | C71: 5.6.2.2 b) | D71: Gợi ý: mật khẩu riêng cho từng tài sản hoặc xác thực tập trung; bắt đổi ở lần đăng nhập đầu | F71: Cấu hình IdP/SSO
A72: 5.6 | B72: Quản lý tài khoản và quyền truy cập | C72: 5.6.2.2 b) | D72: Gợi ý độ dài: ≥ 8 ký tự nếu có MFA; ≥ 14 ký tự gồm đủ 4 loại ký tự nếu không có MFA | F72: Chính sách mật khẩu
A73: 5.6 | B73: Quản lý tài khoản và quyền truy cập | C73: 5.6.2.2 b) | D73: Tài khoản quản trị: bật MFA, đổi mật khẩu 2 tháng/lần, không dùng lại 10 mật khẩu gần nhất | F73: Cấu hình MFA/lịch sử mật khẩu | G73: Mới/khác so với cấp 2
A74: 5.6 | B74: Quản lý tài khoản và quyền truy cập | C74: 5.6.2.3 | D74: Quản lý tài khoản tập trung | F74: Hồ sơ IdP/AD/LDAP | G74: Mới/khác so với cấp 2
A75: 5.6 | B75: Quản lý tài khoản và quyền truy cập | C75: 5.6.2.3 | D75: Đổi hoặc vô hiệu hóa tài khoản mặc định (root, administrator, tài khoản cài sẵn của hãng) | F75: Danh sách tài khoản mặc định đã xử lý
A76: 5.6 | B76: Quản lý tài khoản và quyền truy cập | C76: 5.6.2.3 | D76: Tách biệt quản lý 4 loại tài khoản | F76: Quy định + danh sách phân loại
A77: 5.6 | B77: Quản lý tài khoản và quyền truy cập | C77: 5.6.2.3 | D77: Mỗi tài khoản gắn một người; dùng chung phải được phê duyệt và truy vết được người dùng từng thời điểm | F77: Phê duyệt tài khoản dùng chung, sổ theo dõi
A78: 5.6 | B78: Quản lý tài khoản và quyền truy cập | C78: 5.6.2.3 | D78: Xóa/vô hiệu hóa tài khoản không hoạt động quá 45 ngày hoặc ngay khi đổi nhân sự | F78: Báo cáo tài khoản inactive
A79: 5.6 | B79: Quản lý tài khoản và quyền truy cập | C79: 5.6.2.3 | D79: Rà soát quy định quản lý tài khoản ≥ 1 lần/năm hoặc khi thay đổi | F79: Lịch sử phiên bản
A80: 5.6 | B80: Quản lý tài khoản và quyền truy cập | C80: 5.6.2.4 | D80: Áp dụng đặc quyền tối thiểu và phân tách nhiệm vụ cho mọi loại tài khoản | F80: Ma trận vai trò – quyền
A81: 5.6 | B81: Quản lý tài khoản và quyền truy cập | C81: 5.6.2.4 | D81: Tài liệu hóa quyền cần thiết theo chức danh, bộ phận | F81: Ma trận quyền theo chức danh
A82: 5.6 | B82: Quản lý tài khoản và quyền truy cập | C82: 5.6.2.4 | D82: MFA cho truy cập từ ngoài tổ chức, từ đối tác/bên thứ ba, từ Internet và cho tài khoản quản trị | F82: Cấu hình MFA
A83: 5.6 | B83: Quản lý tài khoản và quyền truy cập | C83: 5.6.2.4 | D83: Rà soát quy định quản lý truy cập ≥ 1 lần/năm hoặc khi thay đổi | F83: Lịch sử phiên bản
A84: 5.7 | B84: Quản lý lỗ hổng bảo mật | C84: 5.7.1 b) | D84: Theo dõi thông tin mối đe dọa, lỗ hổng mới từ nhiều nguồn | F84: Nguồn tin đăng ký (NCSC, CVE, hãng…)
A85: 5.7 | B85: Quản lý lỗ hổng bảo mật | C85: 5.7.2.1 a) | D85: Quy trình quản lý lỗ hổng: rà quét phát hiện, chấm mức nghiêm trọng, chia sẻ/tiếp nhận báo cáo, khắc phục theo ưu tiên và kiểm tra lại | F85: Quy trình quản lý lỗ hổng
A86: 5.7 | B86: Quản lý lỗ hổng bảo mật | C86: 5.7.2.1 b) | D86: Rà soát quy trình và thực hiện rà quét lỗ hổng ≥ 1 lần/6 tháng hoặc khi thay đổi | F86: Báo cáo rà quét, biên bản rà soát | G86: Mới/khác so với cấp 2
A87: 5.7 | B87: Quản lý lỗ hổng bảo mật | C87: 5.7.2.2 | D87: Có máy chủ quản lý bản vá tập trung cho toàn bộ tài sản | F87: Hồ sơ WSUS/SCCM/tương đương | G87: Mới/khác so với cấp 2
A88: 5.7 | B88: Quản lý lỗ hổng bảo mật | C88: 5.7.2.2 | D88: Trước khi vá hệ thống có dữ liệu quan trọng: đánh giá tác động, thử nghiệm, có phương án khôi phục | F88: Biên bản thử nghiệm bản vá
A89: 5.7 | B89: Quản lý lỗ hổng bảo mật | C89: 5.7.2.2 | D89: Kiểm tra, cập nhật bản vá HĐH và ứng dụng cho máy tính, di động cấp cho người dùng ≥ 1 lần/tháng | F89: Báo cáo tuân thủ bản vá hằng tháng
A90: 5.7 | B90: Quản lý lỗ hổng bảo mật | C90: 5.7.2.2 | D90: Giám sát để phát hiện lỗ hổng mới và vá kịp thời | F90: Nhật ký vá
A91: 5.8 | B91: Quản lý nhật ký an ninh mạng | C91: 5.8.2.1 a) | D91: Quy định quản lý log: cách ghi, thu thập, kiểm tra, lưu trữ | F91: Quy định quản lý nhật ký
A92: 5.8 | B92: Quản lý nhật ký an ninh mạng | C92: 5.8.2.1 a) | D92: Thu thập tối thiểu: log truy cập hệ thống, log tiến trình, log ứng dụng, log cảnh báo | F92: Danh sách nguồn log | G92: Mới/khác so với cấp 2
A93: 5.8 | B93: Quản lý nhật ký an ninh mạng | C93: 5.8.2.1 a) | D93: Log truy cập có nguồn/đích (kèm MAC), tài khoản, thời điểm, hành vi; log cảnh báo đủ trường tối thiểu | F93: Mẫu bản ghi log | G93: Mới/khác so với cấp 2
A94: 5.8 | B94: Quản lý nhật ký an ninh mạng | C94: 5.8.2.1 a) | D94: Log tiến trình có: thiết bị, tên/mã/tiến trình cha/lệnh khởi tạo, tài khoản, thời điểm | F94: Mẫu log tiến trình (vd Sysmon/auditd) | G94: Mới/khác so với cấp 2
A95: 5.8 | B95: Quản lý nhật ký an ninh mạng | C95: 5.8.2.1 a) | D95: Đồng bộ thời gian qua máy chủ thời gian (NTP) cho mọi thành phần tham gia giám sát | F95: Cấu hình NTP
A96: 5.8 | B96: Quản lý nhật ký an ninh mạng | C96: 5.8.2.1 a) | D96: SIEM (hoặc tương đương) để quản lý, phân tích sự kiện tập trung | F96: Hồ sơ SIEM | G96: Mới/khác so với cấp 2
A97: 5.8 | B97: Quản lý nhật ký an ninh mạng | C97: 5.8.2.1 a) | D97: Lưu trữ, quản lý tập trung log từ các thiết bị | F97: Kiến trúc thu thập log | G97: Mới/khác so với cấp 2
A98: 5.8 | B98: Quản lý nhật ký an ninh mạng | C98: 5.8.2.1 a) | D98: Bảo đảm dung lượng lưu log tối thiểu 3 tháng; có cảnh báo sắp đầy dung lượng | F98: Cấu hình retention, ảnh chụp dung lượng | G98: Mới/khác so với cấp 2
A99: 5.8 | B99: Quản lý nhật ký an ninh mạng | C99: 5.8.2.1 a) | D99: Rà soát log ANM ≥ 1 lần/6 tháng | F99: Biên bản rà soát log | G99: Mới/khác so với cấp 2
A100: 5.8 | B100: Quản lý nhật ký an ninh mạng | C100: 5.8.2.1 b) | D100: Kiểm tra, cập nhật quy trình quản lý log ≥ 1 lần/năm hoặc khi thay đổi | F100: Lịch sử phiên bản
A101: 5.9 | B101: Bảo vệ trình duyệt web, thư điện tử | C101: 5.9.2.1 a) | D101: Danh sách trình duyệt và dịch vụ email được phép | F101: Danh sách được phép
...

Sheet Cấp 4
A1: Checklist tự đánh giá — HTTT cấp độ 4 (TCVN 14423:2026 mục 6)
A2: Tóm lược để tra cứu; khi lập hồ sơ phải đối chiếu bản chính thức TCVN 14423:2026 (mua tại VSQI). Cột yêu cầu là diễn giải ngắn, không phải nguyên văn tiêu chuẩn.
A4: Nhóm | B4: Tên nhóm | C4: Mục TCVN | D4: Yêu cầu (tóm lược) | E4: Kết quả | F4: Bằng chứng cần lưu | G4: Ghi chú | H4: Người phụ trách | I4: Hạn khắc phục
A5: 6.1 | B5: Quản lý rủi ro an ninh mạng | C5: 6.1.2.1 a) | D5: Ban hành quy định/quy trình quản lý rủi ro đủ 4 bước: nhận diện, phân tích, đánh giá, xử lý | F5: Quy trình QLRR đã ký ban hành
A6: 6.1 | B6: Quản lý rủi ro an ninh mạng | C6: 6.1.2.1 b) | D6: Rà soát quy trình QLRR và tài liệu kèm theo ≥ 1 lần/năm hoặc khi tổ chức thay đổi | F6: Biên bản rà soát, lịch sử phiên bản
A7: 6.1 | B7: Quản lý rủi ro an ninh mạng | C7: 6.1.2.2 a) | D7: Nhận diện rủi ro dựa trên tài sản, lỗ hổng, hạ tầng mạng, nhận thức, tài khoản–quyền… | F7: Sổ đăng ký rủi ro (risk register)
A8: 6.1 | B8: Quản lý rủi ro an ninh mạng | C8: 6.1.2.2 b) | D8: Nhận diện riêng rủi ro đến từ bên thứ ba, nhà cung cấp | F8: Mục rủi ro bên thứ ba trong risk register
A9: 6.1 | B9: Quản lý rủi ro an ninh mạng | C9: 6.1.2.2 c) | D9: Lặp lại nhận diện rủi ro ≥ 1 lần/6 tháng hoặc khi hệ thống thay đổi, có lỗ hổng/sự kiện mới | F9: Risk register có ngày cập nhật | G9: Mới/khác so với cấp 3
A10: 6.1 | B10: Quản lý rủi ro an ninh mạng | C10: 6.1.2.3 a) | D10: Phân tích mức tác động để quyết định chấp nhận hay giảm thiểu từng rủi ro | F10: Bảng đánh giá rủi ro, quyết định xử lý
A11: 6.1 | B11: Quản lý rủi ro an ninh mạng | C11: 6.1.2.3 b) | D11: Đánh giá ngay sau khi nhận diện; đánh giá lại khi hệ thống, tổ chức thay đổi hoặc có sự kiện ANM | F11: Lịch sử đánh giá lại
A12: 6.1 | B12: Quản lý rủi ro an ninh mạng | C12: 6.1.2.4 a) | D12: Triển khai biện pháp xử lý và lập phương án ứng phó cho rủi ro tồn dư | F12: Kế hoạch xử lý rủi ro, phương án rủi ro tồn dư
A13: 6.1 | B13: Quản lý rủi ro an ninh mạng | C13: 6.1.2.4 b) | D13: Đánh giá, cải thiện hiệu quả biện pháp kiểm soát ≥ 1 lần/6 tháng | F13: Báo cáo đánh giá hiệu quả kiểm soát | G13: Mới/khác so với cấp 3
A14: 6.1 | B14: Quản lý rủi ro an ninh mạng | C14: 6.1.2.5 | D14: Theo dõi biến động rủi ro: khả năng xảy ra, tác động, mức rủi ro, tài sản liên quan, biện pháp đã áp dụng | F14: Các cột tương ứng trong risk register
A15: 6.1 | B15: Quản lý rủi ro an ninh mạng | C15: 6.1.2.6 a) | D15: Gửi kết quả đánh giá rủi ro tới những bên có liên quan | F15: Email/biên bản chia sẻ kết quả | G15: Mới/khác so với cấp 3
A16: 6.1 | B16: Quản lý rủi ro an ninh mạng | C16: 6.1.2.6 b) | D16: Thông báo kịp thời cho bên liên quan khi rủi ro có thay đổi quan trọng | F16: Thông báo, kênh truyền thông rủi ro
A17: 6.2 | B17: Quản lý tài sản phần cứng | C17: 6.2.1 a) | D17: Danh mục toàn bộ phần cứng của HTTT, kể cả thiết bị bên ngoài có kết nối vào; xác định tài sản cần giám sát | F17: Danh mục tài sản phần cứng
A18: 6.2 | B18: Quản lý tài sản phần cứng | C18: 6.2.1 b) | D18: Phát hiện tài sản vô chủ/trái phép để loại bỏ hoặc đưa vào quản lý | F18: Báo cáo rà soát tài sản
A19: 6.2 | B19: Quản lý tài sản phần cứng | C19: 6.2.1 c) | D19: Kiểm kê, cập nhật danh mục tài sản ≥ 1 lần/năm | F19: Biên bản kiểm kê
A20: 6.2 | B20: Quản lý tài sản phần cứng | C20: 6.2.2.1 a) | D20: Danh mục phủ mọi thiết bị lưu trữ/xử lý dữ liệu: đầu cuối, di động, lưu trữ ngoài, văn phòng, mạng, OT/IoT, máy chủ vật lý/ảo/cloud | F20: Danh mục tài sản (CMDB/bảng tính)
A21: 6.2 | B21: Quản lý tài sản phần cứng | C21: 6.2.2.1 b) | D21: Kiểm tra an ninh tài sản vật lý trước khi đưa vào sử dụng (theo điều kiện thực tế) | F21: Phiếu kiểm tra thiết bị trước khi sử dụng | G21: Mới/khác so với cấp 3
A22: 6.2 | B22: Quản lý tài sản phần cứng | C22: 6.2.2.1 c) | D22: Trường tối thiểu: tên, IP tĩnh, MAC/serial, hạn hỗ trợ của hãng, vị trí địa lý và trong mạng, mục đích, tình trạng; gán người chịu trách nhiệm | F22: Danh mục có đủ trường, cột người phụ trách
A23: 6.2 | B23: Quản lý tài sản phần cứng | C23: 6.2.2.1 d) | D23: Đăng ký thiết bị di động được phép kết nối; quy định trách nhiệm cá nhân khi dùng cho công việc | F23: Sổ đăng ký thiết bị di động, quy định sử dụng
A24: 6.2 | B24: Quản lý tài sản phần cứng | C24: 6.2.2.2 a) | D24: Quy trình phát hiện, xử lý thiết bị lạ kết nối trái phép, thực hiện ≥ 1 lần/quý | F24: Quy trình + kết quả các lần rà soát | G24: Mới/khác so với cấp 3
A25: 6.2 | B25: Quản lý tài sản phần cứng | C25: 6.2.2.2 b) | D25: Xử lý thiết bị trái phép bằng cách gỡ bỏ, từ chối kết nối hoặc cách ly | F25: Nhật ký xử lý
A26: 6.2 | B26: Quản lý tài sản phần cứng | C26: 6.2.2.3 a) | D26: Quy định rà quét phát hiện tài sản kết nối vào HTTT ≥ 1 lần/quý | F26: Quy định + kết quả quét mạng | G26: Mới/khác so với cấp 3
A27: 6.2 | B27: Quản lý tài sản phần cứng | C27: 6.2.2.3 b) | D27: Cập nhật danh mục tài sản theo kết quả rà quét | F27: Lịch sử cập nhật danh mục | G27: Mới/khác so với cấp 3
A28: 6.2 | B28: Quản lý tài sản phần cứng | C28: 6.2.2.4 a) | D28: Bật ghi log DHCP trên mọi máy chủ DHCP/công cụ quản lý IP (nếu có) | F28: Cấu hình log DHCP/IPAM
A29: 6.2 | B29: Quản lý tài sản phần cứng | C29: 6.2.2.4 b) | D29: Rà soát log DHCP để cập nhật danh mục ≥ 1 lần/quý | F29: Biên bản rà soát log DHCP | G29: Mới/khác so với cấp 3
A30: 6.2 | B30: Quản lý tài sản phần cứng | C30: 6.2.2.5 a) | D30: Có quy trình thanh lý/tiêu hủy tài sản CNTT | F30: Quy trình thanh lý | G30: Mới/khác so với cấp 3
A31: 6.2 | B31: Quản lý tài sản phần cứng | C31: 6.2.2.5 b) | D31: Dùng biện pháp chuyên dụng xóa sạch dữ liệu máy chủ khi chuyển giao/đổi mục đích | F31: Công cụ/biên bản xóa chuyên dụng | G31: Mới/khác so với cấp 3
A32: 6.3 | B32: Quản lý tài sản phần mềm | C32: 6.3.1 a) | D32: Quản lý danh mục phần mềm; chỉ phần mềm đã phê duyệt mới được cài và dùng | F32: Danh mục phần mềm, quy trình phê duyệt
A33: 6.3 | B33: Quản lý tài sản phần mềm | C33: 6.3.1 b) | D33: Kiểm kê, cập nhật danh mục phần mềm ≥ 1 lần/năm | F33: Biên bản kiểm kê phần mềm
A34: 6.3 | B34: Quản lý tài sản phần mềm | C34: 6.3.2.1 a) | D34: Lập danh mục phần mềm đang cài trên các thiết bị thuộc HTTT | F34: Danh mục phần mềm (xuất từ công cụ inventory)
A35: 6.3 | B35: Quản lý tài sản phần mềm | C35: 6.3.2.1 b) | D35: Trường tối thiểu: tên, mục đích, hạn hỗ trợ, phạm vi, chủ quản, bản quyền, phiên bản, hệ thống thành phần; gán trách nhiệm | F35: Danh mục có đủ trường
A36: 6.3 | B36: Quản lý tài sản phần mềm | C36: 6.3.2.2 a) | D36: Lập danh sách phần mềm được phép sử dụng (whitelist) | F36: Danh sách phần mềm được phép
A37: 6.3 | B37: Quản lý tài sản phần mềm | C37: 6.3.2.2 b) | D37: Whitelist gồm cả phần mềm do nhà cung cấp dịch vụ đưa vào và môi trường thực thi của ứng dụng | F37: Whitelist có mục runtime/phần mềm NCC
A38: 6.3 | B38: Quản lý tài sản phần mềm | C38: 6.3.2.2 c) | D38: Kiểm soát cài đặt: đặc quyền tối thiểu, chặn cài/gỡ/thực thi trái phép, theo dõi hoạt động cài đặt | F38: Chính sách GPO/MDM/app control, log cài đặt
A39: 6.3 | B39: Quản lý tài sản phần mềm | C39: 6.3.2.2 d) | D39: Rà soát whitelist ≥ 1 lần/năm hoặc khi tổ chức thay đổi | F39: Biên bản rà soát whitelist
A40: 6.3 | B40: Quản lý tài sản phần mềm | C40: 6.3.2.3 | D40: Đối chiếu whitelist với phần mềm đã cài để bảo đảm còn được hãng hỗ trợ ≥ 1 lần/năm | F40: Báo cáo rà soát EOL | G40: Mới/khác so với cấp 3
A41: 6.3 | B41: Quản lý tài sản phần mềm | C41: 6.3.2.4 a) | D41: Quy trình phát hiện, xử lý phần mềm trái phép ≥ 1 lần/6 tháng | F41: Quy trình + kết quả rà soát | G41: Mới/khác so với cấp 3
A42: 6.3 | B42: Quản lý tài sản phần mềm | C42: 6.3.2.4 b) | D42: Phần mềm trái phép nhưng cần thiết đưa vào danh sách ngoại lệ, kèm biện pháp giảm thiểu | F42: Danh sách ngoại lệ có biện pháp kiểm soát
A43: 6.3 | B43: Quản lý tài sản phần mềm | C43: 6.3.2.4 c) | D43: Lập kế hoạch gỡ sớm phần mềm trái phép ngoài danh sách ngoại lệ | F43: Kế hoạch gỡ bỏ, bằng chứng đã gỡ
A44: 6.4 | B44: Quản lý tài sản thông tin | C44: 6.4.2.1 a) | D44: Quy định quản lý tài sản thông tin: danh mục, mức nhạy cảm, chủ sở hữu, cách xử lý, thời hạn lưu, yêu cầu tiêu hủy | F44: Quy định quản lý tài sản thông tin
A45: 6.4 | B45: Quản lý tài sản thông tin | C45: 6.4.2.1 b) | D45: Phân loại mức nhạy cảm (gợi ý 4 mức: công khai, nội bộ, hạn chế, bí mật nhà nước) | F45: Bảng phân loại, nhãn dữ liệu
A46: 6.4 | B46: Quản lý tài sản thông tin | C46: 6.4.2.1 c) | D46: Quy trình yêu cầu truy cập, thêm, sửa, xóa dữ liệu | F46: Quy trình + phiếu yêu cầu
A47: 6.4 | B47: Quản lý tài sản thông tin | C47: 6.4.2.1 d) | D47: Kiểm tra phân quyền dữ liệu ≥ 1 lần/quý | F47: Biên bản rà soát phân quyền | G47: Mới/khác so với cấp 3
A48: 6.4 | B48: Quản lý tài sản thông tin | C48: 6.4.2.1 e) | D48: Rà soát quy trình quản lý tài sản thông tin ≥ 1 lần/năm hoặc khi thay đổi | F48: Lịch sử phiên bản quy trình
A49: 6.4 | B49: Quản lý tài sản thông tin | C49: 6.4.2.2 a) | D49: Lập danh mục tài sản thông tin theo quy trình đã ban hành | F49: Danh mục tài sản thông tin
A50: 6.4 | B50: Quản lý tài sản thông tin | C50: 6.4.2.2 b) | D50: Cập nhật danh mục tài sản thông tin ≥ 1 lần/năm hoặc khi thay đổi | F50: Ngày cập nhật danh mục
A51: 6.4 | B51: Quản lý tài sản thông tin | C51: 6.4.2.3 | D51: Ma trận quyền truy cập của từng tài khoản/người dùng với từng loại tài sản thông tin | F51: Ma trận phân quyền (ACL)
A52: 6.4 | B52: Quản lý tài sản thông tin | C52: 6.4.2.4 a) | D52: Mã hóa (hoặc tương đương) thông tin xác thực, dữ liệu nhạy cảm cao, dữ liệu quan trọng khi lưu | F52: Cấu hình mã hóa (DB/đĩa/hash mật khẩu)
A53: 6.4 | B53: Quản lý tài sản thông tin | C53: 6.4.2.4 b) | D53: Bảo vệ thông tin xác thực, dữ liệu nhạy cảm cao/quan trọng khi truyền (mã hóa hoặc tương đương) | F53: Cấu hình TLS/VPN, kết quả kiểm tra | G53: Mới/khác so với cấp 3
A54: 6.4 | B54: Quản lý tài sản thông tin | C54: 6.4.2.4 c) | D54: Dữ liệu quan trọng được mã hóa ít nhất 2 lớp khi truyền qua mạng (kênh an toàn + mã hóa nội dung) | F54: Sơ đồ luồng mã hóa 2 lớp | G54: Mới/khác so với cấp 3
A55: 6.4 | B55: Quản lý tài sản thông tin | C55: 6.4.2.4 d) | D55: Có phương án chuyên dụng quản lý, bảo vệ dữ liệu mã hóa và khóa giải mã | F55: Thiết kế KMS/quy trình quản lý khóa | G55: Mới/khác so với cấp 3
A56: 6.4 | B56: Quản lý tài sản thông tin | C56: 6.4.2.4 e) | D56: Chỉ dùng thuật toán mã hóa mạnh, chưa bị tổ chức quốc tế công bố điểm yếu | F56: Danh mục thuật toán được phép | G56: Mới/khác so với cấp 3
A57: 6.4 | B57: Quản lý tài sản thông tin | C57: 6.4.2.5 a) | D57: Lưu dữ liệu quan trọng kèm mã kiểm tra toàn vẹn (checksum/hash/chữ ký) | F57: Thiết kế kiểm tra toàn vẹn
A58: 6.4 | B58: Quản lý tài sản thông tin | C58: 6.4.2.5 b) | D58: Giám sát, cảnh báo khi dữ liệu trên hệ thống/phương tiện lưu trữ bị thay đổi | F58: Cấu hình FIM, cảnh báo | G58: Mới/khác so với cấp 3
A59: 6.4 | B59: Quản lý tài sản thông tin | C59: 6.4.2.5 c) | D59: Có phương án khôi phục tính toàn vẹn của dữ liệu | F59: Phương án khôi phục | G59: Mới/khác so với cấp 3
A60: 6.4 | B60: Quản lý tài sản thông tin | C60: 6.4.2.6 a) | D60: Tài liệu hóa toàn bộ luồng dữ liệu trong HTTT | F60: Sơ đồ luồng dữ liệu | G60: Mới/khác so với cấp 3
A61: 6.4 | B61: Quản lý tài sản thông tin | C61: 6.4.2.6 b) | D61: Áp dụng quy định quản lý phiên bản tài liệu | F61: Quy định quản lý tài liệu
A62: 6.4 | B62: Quản lý tài sản thông tin | C62: 6.4.2.6 c) | D62: Cập nhật tài liệu luồng dữ liệu ≥ 1 lần/năm hoặc khi thay đổi | F62: Lịch sử phiên bản
A63: 6.4 | B63: Quản lý tài sản thông tin | C63: 6.4.2.7 a) | D63: Có quy định về xử lý dữ liệu nhạy cảm | F63: Quy định xử lý dữ liệu | G63: Mới/khác so với cấp 3
A64: 6.4 | B64: Quản lý tài sản thông tin | C64: 6.4.2.7 b) | D64: Tách môi trường xử lý/lưu dữ liệu nhạy cảm cao, quan trọng khỏi dữ liệu nhạy cảm thấp (logic/vật lý hoặc tương đương) | F64: Sơ đồ phân tách môi trường
A65: 6.4 | B65: Quản lý tài sản thông tin | C65: 6.4.2.7 c) | D65: Dùng kênh vật lý riêng hoặc tương đương khi truyền dữ liệu quan trọng/nhạy cảm cao qua mạng | F65: Thiết kế kênh truyền riêng | G65: Mới/khác so với cấp 3
A66: 6.4 | B66: Quản lý tài sản thông tin | C66: 6.4.2.8 | D66: Triển khai giải pháp chống thất thoát dữ liệu (DLP) cho dữ liệu nhạy cảm cao/quan trọng | F66: Hồ sơ giải pháp DLP, chính sách | G66: Mới/khác so với cấp 3
A67: 6.4 | B67: Quản lý tài sản thông tin | C67: 6.4.2.9 a) | D67: Ghi log mọi thao tác trên dữ liệu nhạy cảm cao/quan trọng | F67: Cấu hình audit log dữ liệu | G67: Mới/khác so với cấp 3
A68: 6.4 | B68: Quản lý tài sản thông tin | C68: 6.4.2.9 b) | D68: Rà soát log truy cập dữ liệu quan trọng ≥ 1 lần/quý | F68: Biên bản rà soát | G68: Mới/khác so với cấp 3
A69: 6.4 | B69: Quản lý tài sản thông tin | C69: 6.4.2.10 a) | D69: Dùng chữ ký số khi trao đổi dữ liệu nhạy cảm cao/quan trọng | F69: Quy định ký số, mẫu đã ký | G69: Mới/khác so với cấp 3
A70: 6.4 | B70: Quản lý tài sản thông tin | C70: 6.4.2.10 b) | D70: Chữ ký số do cơ quan có thẩm quyền hoặc tổ chức cung cấp dịch vụ được cấp phép cung cấp | F70: Chứng thư số, hợp đồng CA | G70: Mới/khác so với cấp 3
A71: 6.4 | B71: Quản lý tài sản thông tin | C71: 6.4.2.10 c) | D71: Có phương án bảo đảm an ninh khi quản lý và sử dụng chữ ký số | F71: Quy định quản lý token/chứng thư | G71: Mới/khác so với cấp 3
A72: 6.5 | B72: Cấu hình an toàn phần cứng, phần mềm | C72: 6.5.2.1 a) | D72: Ban hành quy định/quy trình cấu hình an toàn cho phần cứng và phần mềm | F72: Quy trình cấu hình an toàn
A73: 6.5 | B73: Cấu hình an toàn phần cứng, phần mềm | C73: 6.5.2.1 b) | D73: Có tài liệu cấu hình chuẩn/hardening; giao thức an toàn; tường lửa host; chống tự động đăng nhập trên tài sản xử lý dữ liệu quan trọng | F73: Baseline cấu hình (vd theo CIS), ảnh chụp cấu hình
A74: 6.5 | B74: Cấu hình an toàn phần cứng, phần mềm | C74: 6.5.2.1 c) | D74: Tắt giao thức mạng không an toàn và dịch vụ không dùng | F74: Kết quả quét cổng/dịch vụ
A75: 6.5 | B75: Cấu hình an toàn phần cứng, phần mềm | C75: 6.5.2.1 d) | D75: Hardening thiết bị trước khi đưa vào vận hành | F75: Checklist hardening trước go-live
A76: 6.5 | B76: Cấu hình an toàn phần cứng, phần mềm | C76: 6.5.2.1 e) | D76: Rà soát quy định và tài liệu cấu hình ≥ 1 lần/năm hoặc khi thay đổi | F76: Lịch sử phiên bản
A77: 6.5 | B77: Cấu hình an toàn phần cứng, phần mềm | C77: 6.5.2.2 a) | D77: Tự khóa phiên theo đánh giá rủi ro — gợi ý: máy người dùng ≤ 15'; phiên quản trị, di động ≤ 5'; phần mềm nghiệp vụ dữ liệu quan trọng ≤ 15' | F77: GPO/MDM/cấu hình timeout
A78: 6.5 | B78: Cấu hình an toàn phần cứng, phần mềm | C78: 6.5.2.2 a) | D78: Khóa khi đăng nhập sai — gợi ý: laptop, điện thoại ≤ 10 lần; phần mềm nghiệp vụ dữ liệu quan trọng ≤ 5 lần; khóa 12 giờ–30 ngày | F78: Cấu hình lockout
A79: 6.5 | B79: Cấu hình an toàn phần cứng, phần mềm | C79: 6.5.2.2 b) | D79: Có cơ chế mở khóa khẩn cấp cho quản trị viên/tài khoản đặc quyền | F79: Quy trình break-glass
A80: 6.5 | B80: Cấu hình an toàn phần cứng, phần mềm | C80: 6.5.2.3 | D80: Quy định gỡ bỏ/tắt tính năng, dịch vụ không cần thiết | F80: Quy định + checklist | G80: Mới/khác so với cấp 3
A81: 6.5 | B81: Cấu hình an toàn phần cứng, phần mềm | C81: 6.5.2.4 | D81: Cấu hình máy chủ DNS tin cậy trên thiết bị (nếu có) | F81: Cấu hình DNS | G81: Mới/khác so với cấp 3
A82: 6.5 | B82: Cấu hình an toàn phần cứng, phần mềm | C82: 6.5.2.5 | D82: Xóa được dữ liệu từ xa trên điện thoại, máy tính bảng do tổ chức cấp | F82: Hồ sơ MDM (remote wipe) | G82: Mới/khác so với cấp 3
A83: 6.5 | B83: Cấu hình an toàn phần cứng, phần mềm | C83: 6.5.2.6 | D83: Quy định tách không gian làm việc riêng trên thiết bị di động cấp phát | F83: Quy định, cấu hình work profile | G83: Mới/khác so với cấp 3
A84: 6.6 | B84: Quản lý tài khoản và quyền truy cập | C84: 6.6.1 a) | D84: Quy trình, công cụ cấp/thu hồi quyền cho 4 loại tài khoản (quản trị, tác nghiệp, kỹ thuật, dịch vụ) theo vai trò | F84: Quy trình quản lý tài khoản
A85: 6.6 | B85: Quản lý tài khoản và quyền truy cập | C85: 6.6.1 c) | D85: Ghi log và giám sát hoạt động của tài khoản người dùng | F85: Cấu hình audit log đăng nhập
A86: 6.6 | B86: Quản lý tài khoản và quyền truy cập | C86: 6.6.2.1 a) | D86: Danh sách mọi tài khoản trên phần cứng và phần mềm | F86: Danh sách tài khoản
A87: 6.6 | B87: Quản lý tài khoản và quyền truy cập | C87: 6.6.2.1 b) | D87: Danh sách gồm tối thiểu: tài khoản quản trị, tác nghiệp, kỹ thuật | F87: Danh sách tài khoản phân loại
A88: 6.6 | B88: Quản lý tài khoản và quyền truy cập | C88: 6.6.2.1 c) | D88: Trường tối thiểu: loại, tên, trạng thái, hệ thống, người quản lý, phòng ban, ngày kích hoạt/vô hiệu; không còn tài khoản không hợp lệ | F88: Danh sách có đủ trường
A89: 6.6 | B89: Quản lý tài khoản và quyền truy cập | C89: 6.6.2.1 d) | D89: Rà soát danh sách tài khoản 1 lần/quý | F89: Biên bản rà soát | G89: Mới/khác so với cấp 3
A90: 6.6 | B90: Quản lý tài khoản và quyền truy cập | C90: 6.6.2.2 a) | D90: Cấu hình bắt đổi mật khẩu mặc định; quy tắc độ dài, loại ký tự; thời hạn đổi và thời hạn hiệu lực mật khẩu | F90: Chính sách mật khẩu (GPO/IdP)
A91: 6.6 | B91: Quản lý tài khoản và quyền truy cập | C91: 6.6.2.2 b) | D91: Gợi ý: mật khẩu riêng cho từng tài sản hoặc xác thực tập trung; bắt đổi ở lần đăng nhập đầu | F91: Cấu hình IdP/SSO
A92: 6.6 | B92: Quản lý tài khoản và quyền truy cập | C92: 6.6.2.2 b) | D92: Gợi ý độ dài: ≥ 8 ký tự nếu có MFA; ≥ 14 ký tự gồm đủ 4 loại ký tự nếu không có MFA | F92: Chính sách mật khẩu
A93: 6.6 | B93: Quản lý tài khoản và quyền truy cập | C93: 6.6.2.2 b) | D93: Tài khoản quản trị: bật MFA, đổi mật khẩu 2 tháng/lần, không dùng lại 10 mật khẩu gần nhất | F93: Cấu hình MFA/lịch sử mật khẩu
A94: 6.6 | B94: Quản lý tài khoản và quyền truy cập | C94: 6.6.2.3 | D94: Dùng giải pháp PAM (hoặc tương đương) quản lý tài khoản đặc quyền | F94: Hồ sơ PAM | G94: Mới/khác so với cấp 3
A95: 6.6 | B95: Quản lý tài khoản và quyền truy cập | C95: 6.6.2.3 | D95: Quản lý tài khoản tập trung | F95: Hồ sơ IdP/AD/LDAP
A96: 6.6 | B96: Quản lý tài khoản và quyền truy cập | C96: 6.6.2.3 | D96: Đổi hoặc vô hiệu hóa tài khoản mặc định (root, administrator, tài khoản cài sẵn của hãng) | F96: Danh sách tài khoản mặc định đã xử lý
A97: 6.6 | B97: Quản lý tài khoản và quyền truy cập | C97: 6.6.2.3 | D97: Tách biệt quản lý 4 loại tài khoản | F97: Quy định + danh sách phân loại
A98: 6.6 | B98: Quản lý tài khoản và quyền truy cập | C98: 6.6.2.3 | D98: Mỗi tài khoản gắn một người; dùng chung phải được phê duyệt và truy vết được người dùng từng thời điểm | F98: Phê duyệt tài khoản dùng chung, sổ theo dõi
A99: 6.6 | B99: Quản lý tài khoản và quyền truy cập | C99: 6.6.2.3 | D99: Quy định quản lý thiết bị lưu khóa bí mật (token) và khóa bí mật | F99: Quy định quản lý token | G99: Mới/khác so với cấp 3
A100: 6.6 | B100: Quản lý tài khoản và quyền truy cập | C100: 6.6.2.3 | D100: Xóa/vô hiệu hóa tài khoản không hoạt động quá 45 ngày hoặc ngay khi đổi nhân sự | F100: Báo cáo tài khoản inactive
A101: 6.6 | B101: Quản lý tài khoản và quyền truy cập | C101: 6.6.2.3 | D101: Rà soát quy định quản lý tài khoản ≥ 1 lần/năm hoặc khi thay đổi | F101: Lịch sử phiên bản
...

Sheet Cấp 5
A1: Checklist tự đánh giá — HTTT cấp độ 5 (TCVN 14423:2026 mục 7)
A2: Tóm lược để tra cứu; khi lập hồ sơ phải đối chiếu bản chính thức TCVN 14423:2026 (mua tại VSQI). Cột yêu cầu là diễn giải ngắn, không phải nguyên văn tiêu chuẩn.
A4: Nhóm | B4: Tên nhóm | C4: Mục TCVN | D4: Yêu cầu (tóm lược) | E4: Kết quả | F4: Bằng chứng cần lưu | G4: Ghi chú | H4: Người phụ trách | I4: Hạn khắc phục
A5: 7.1 | B5: Quản lý rủi ro an ninh mạng | C5: 7.1.2.1 a) | D5: Ban hành quy định/quy trình quản lý rủi ro đủ 4 bước: nhận diện, phân tích, đánh giá, xử lý | F5: Quy trình QLRR đã ký ban hành
A6: 7.1 | B6: Quản lý rủi ro an ninh mạng | C6: 7.1.2.1 b) | D6: Rà soát quy trình QLRR và tài liệu kèm theo ≥ 1 lần/6 tháng hoặc khi tổ chức thay đổi | F6: Biên bản rà soát, lịch sử phiên bản | G6: Mới/khác so với cấp 4
A7: 7.1 | B7: Quản lý rủi ro an ninh mạng | C7: 7.1.2.2 a) | D7: Nhận diện rủi ro dựa trên tài sản, lỗ hổng, hạ tầng mạng, nhận thức, tài khoản–quyền… | F7: Sổ đăng ký rủi ro (risk register)
A8: 7.1 | B8: Quản lý rủi ro an ninh mạng | C8: 7.1.2.2 b) | D8: Nhận diện riêng rủi ro đến từ bên thứ ba, nhà cung cấp | F8: Mục rủi ro bên thứ ba trong risk register
A9: 7.1 | B9: Quản lý rủi ro an ninh mạng | C9: 7.1.2.2 c) | D9: Lặp lại nhận diện rủi ro ≥ 1 lần/6 tháng hoặc khi hệ thống thay đổi, có lỗ hổng/sự kiện mới | F9: Risk register có ngày cập nhật
A10: 7.1 | B10: Quản lý rủi ro an ninh mạng | C10: 7.1.2.3 a) | D10: Phân tích mức tác động để quyết định chấp nhận hay giảm thiểu từng rủi ro | F10: Bảng đánh giá rủi ro, quyết định xử lý
A11: 7.1 | B11: Quản lý rủi ro an ninh mạng | C11: 7.1.2.3 b) | D11: Đánh giá ngay sau khi nhận diện; đánh giá lại khi hệ thống, tổ chức thay đổi hoặc có sự kiện ANM | F11: Lịch sử đánh giá lại
A12: 7.1 | B12: Quản lý rủi ro an ninh mạng | C12: 7.1.2.4 a) | D12: Triển khai biện pháp xử lý và lập phương án ứng phó cho rủi ro tồn dư | F12: Kế hoạch xử lý rủi ro, phương án rủi ro tồn dư
A13: 7.1 | B13: Quản lý rủi ro an ninh mạng | C13: 7.1.2.4 b) | D13: Đánh giá, cải thiện hiệu quả biện pháp kiểm soát ≥ 1 lần/6 tháng | F13: Báo cáo đánh giá hiệu quả kiểm soát
A14: 7.1 | B14: Quản lý rủi ro an ninh mạng | C14: 7.1.2.5 | D14: Theo dõi biến động rủi ro: khả năng xảy ra, tác động, mức rủi ro, tài sản liên quan, biện pháp đã áp dụng | F14: Các cột tương ứng trong risk register
A15: 7.1 | B15: Quản lý rủi ro an ninh mạng | C15: 7.1.2.6 a) | D15: Gửi kết quả đánh giá rủi ro tới những bên có liên quan | F15: Email/biên bản chia sẻ kết quả
A16: 7.1 | B16: Quản lý rủi ro an ninh mạng | C16: 7.1.2.6 b) | D16: Thông báo kịp thời cho bên liên quan khi rủi ro có thay đổi quan trọng | F16: Thông báo, kênh truyền thông rủi ro
A17: 7.2 | B17: Quản lý tài sản phần cứng | C17: 7.2.1 a) | D17: Danh mục toàn bộ phần cứng của HTTT, kể cả thiết bị bên ngoài có kết nối vào; xác định tài sản cần giám sát | F17: Danh mục tài sản phần cứng
A18: 7.2 | B18: Quản lý tài sản phần cứng | C18: 7.2.1 b) | D18: Phát hiện tài sản vô chủ/trái phép để loại bỏ hoặc đưa vào quản lý | F18: Báo cáo rà soát tài sản
A19: 7.2 | B19: Quản lý tài sản phần cứng | C19: 7.2.1 c) | D19: Kiểm kê, cập nhật danh mục tài sản ≥ 1 lần/6 tháng | F19: Biên bản kiểm kê | G19: Mới/khác so với cấp 4
A20: 7.2 | B20: Quản lý tài sản phần cứng | C20: 7.2.2.1 a) | D20: Danh mục phủ mọi thiết bị lưu trữ/xử lý dữ liệu: đầu cuối, di động, lưu trữ ngoài, văn phòng, mạng, OT/IoT, máy chủ vật lý/ảo/cloud | F20: Danh mục tài sản (CMDB/bảng tính)
A21: 7.2 | B21: Quản lý tài sản phần cứng | C21: 7.2.2.1 b) | D21: Kiểm tra an ninh tài sản vật lý trước khi đưa vào sử dụng (theo điều kiện thực tế) | F21: Phiếu kiểm tra thiết bị trước khi sử dụng
A22: 7.2 | B22: Quản lý tài sản phần cứng | C22: 7.2.2.1 c) | D22: Trường tối thiểu: tên, IP tĩnh, MAC/serial, hạn hỗ trợ của hãng, vị trí địa lý và trong mạng, mục đích, tình trạng; gán người chịu trách nhiệm | F22: Danh mục có đủ trường, cột người phụ trách
A23: 7.2 | B23: Quản lý tài sản phần cứng | C23: 7.2.2.1 d) | D23: Đăng ký thiết bị di động được phép kết nối; quy định trách nhiệm cá nhân khi dùng cho công việc | F23: Sổ đăng ký thiết bị di động, quy định sử dụng
A24: 7.2 | B24: Quản lý tài sản phần cứng | C24: 7.2.2.2 a) | D24: Quy trình phát hiện, xử lý thiết bị lạ kết nối trái phép, thực hiện ≥ 1 lần/tháng | F24: Quy trình + kết quả các lần rà soát | G24: Mới/khác so với cấp 4
A25: 7.2 | B25: Quản lý tài sản phần cứng | C25: 7.2.2.2 b) | D25: Xử lý thiết bị trái phép bằng cách gỡ bỏ, từ chối kết nối hoặc cách ly | F25: Nhật ký xử lý
A26: 7.2 | B26: Quản lý tài sản phần cứng | C26: 7.2.2.3 a) | D26: Quy định rà quét phát hiện tài sản kết nối vào HTTT ≥ 1 lần/tháng | F26: Quy định + kết quả quét mạng | G26: Mới/khác so với cấp 4
A27: 7.2 | B27: Quản lý tài sản phần cứng | C27: 7.2.2.3 b) | D27: Cập nhật danh mục tài sản theo kết quả rà quét | F27: Lịch sử cập nhật danh mục
A28: 7.2 | B28: Quản lý tài sản phần cứng | C28: 7.2.2.4 a) | D28: Bật ghi log DHCP trên mọi máy chủ DHCP/công cụ quản lý IP (nếu có) | F28: Cấu hình log DHCP/IPAM
A29: 7.2 | B29: Quản lý tài sản phần cứng | C29: 7.2.2.4 b) | D29: Rà soát log DHCP để cập nhật danh mục ≥ 1 lần/tháng | F29: Biên bản rà soát log DHCP | G29: Mới/khác so với cấp 4
A30: 7.2 | B30: Quản lý tài sản phần cứng | C30: 7.2.2.5 a) | D30: Có quy trình thanh lý/tiêu hủy tài sản CNTT | F30: Quy trình thanh lý
A31: 7.2 | B31: Quản lý tài sản phần cứng | C31: 7.2.2.5 b) | D31: Dùng biện pháp chuyên dụng xóa sạch dữ liệu máy chủ khi chuyển giao/đổi mục đích | F31: Công cụ/biên bản xóa chuyên dụng
A32: 7.2 | B32: Quản lý tài sản phần cứng | C32: 7.2.2.5 c) | D32: Sao lưu dữ liệu và bản dự phòng HĐH máy chủ trước khi xóa | F32: Bản sao lưu trước khi xóa | G32: Mới/khác so với cấp 4
A33: 7.2 | B33: Quản lý tài sản phần cứng | C33: 7.2.2.5 d) | D33: Kiểm chứng dữ liệu đã xóa không thể khôi phục | F33: Biên bản kiểm tra sau xóa | G33: Mới/khác so với cấp 4
A34: 7.3 | B34: Quản lý tài sản phần mềm | C34: 7.3.1 a) | D34: Quản lý danh mục phần mềm; chỉ phần mềm đã phê duyệt mới được cài và dùng | F34: Danh mục phần mềm, quy trình phê duyệt
A35: 7.3 | B35: Quản lý tài sản phần mềm | C35: 7.3.1 b) | D35: Kiểm kê, cập nhật danh mục phần mềm ≥ 1 lần/6 tháng | F35: Biên bản kiểm kê phần mềm | G35: Mới/khác so với cấp 4
A36: 7.3 | B36: Quản lý tài sản phần mềm | C36: 7.3.2.1 a) | D36: Lập danh mục phần mềm đang cài trên các thiết bị thuộc HTTT | F36: Danh mục phần mềm (xuất từ công cụ inventory)
A37: 7.3 | B37: Quản lý tài sản phần mềm | C37: 7.3.2.1 b) | D37: Trường tối thiểu: tên, mục đích, hạn hỗ trợ, phạm vi, chủ quản, bản quyền, phiên bản, hệ thống thành phần; gán trách nhiệm | F37: Danh mục có đủ trường
A38: 7.3 | B38: Quản lý tài sản phần mềm | C38: 7.3.2.2 a) | D38: Lập danh sách phần mềm được phép sử dụng (whitelist) | F38: Danh sách phần mềm được phép
A39: 7.3 | B39: Quản lý tài sản phần mềm | C39: 7.3.2.2 b) | D39: Whitelist gồm cả phần mềm do nhà cung cấp dịch vụ đưa vào và môi trường thực thi của ứng dụng | F39: Whitelist có mục runtime/phần mềm NCC
A40: 7.3 | B40: Quản lý tài sản phần mềm | C40: 7.3.2.2 c) | D40: Kiểm soát cài đặt: đặc quyền tối thiểu, chặn cài/gỡ/thực thi trái phép, theo dõi hoạt động cài đặt | F40: Chính sách GPO/MDM/app control, log cài đặt
A41: 7.3 | B41: Quản lý tài sản phần mềm | C41: 7.3.2.2 d) | D41: Rà soát whitelist ≥ 1 lần/6 tháng hoặc khi tổ chức thay đổi | F41: Biên bản rà soát whitelist | G41: Mới/khác so với cấp 4
A42: 7.3 | B42: Quản lý tài sản phần mềm | C42: 7.3.2.3 | D42: Đối chiếu whitelist với phần mềm đã cài để bảo đảm còn được hãng hỗ trợ ≥ 1 lần/6 tháng | F42: Báo cáo rà soát EOL | G42: Mới/khác so với cấp 4
A43: 7.3 | B43: Quản lý tài sản phần mềm | C43: 7.3.2.4 a) | D43: Quy trình phát hiện, xử lý phần mềm trái phép ≥ 1 lần/tháng | F43: Quy trình + kết quả rà soát | G43: Mới/khác so với cấp 4
A44: 7.3 | B44: Quản lý tài sản phần mềm | C44: 7.3.2.4 b) | D44: Phần mềm trái phép nhưng cần thiết đưa vào danh sách ngoại lệ, kèm biện pháp giảm thiểu | F44: Danh sách ngoại lệ có biện pháp kiểm soát
A45: 7.3 | B45: Quản lý tài sản phần mềm | C45: 7.3.2.4 c) | D45: Lập kế hoạch gỡ sớm phần mềm trái phép ngoài danh sách ngoại lệ | F45: Kế hoạch gỡ bỏ, bằng chứng đã gỡ
A46: 7.4 | B46: Quản lý tài sản thông tin | C46: 7.4.2.1 a) | D46: Quy định quản lý tài sản thông tin: danh mục, mức nhạy cảm, chủ sở hữu, cách xử lý, thời hạn lưu, yêu cầu tiêu hủy | F46: Quy định quản lý tài sản thông tin
A47: 7.4 | B47: Quản lý tài sản thông tin | C47: 7.4.2.1 b) | D47: Phân loại mức nhạy cảm (gợi ý 4 mức: công khai, nội bộ, hạn chế, bí mật nhà nước) | F47: Bảng phân loại, nhãn dữ liệu
A48: 7.4 | B48: Quản lý tài sản thông tin | C48: 7.4.2.1 c) | D48: Quy trình yêu cầu truy cập, thêm, sửa, xóa dữ liệu | F48: Quy trình + phiếu yêu cầu
A49: 7.4 | B49: Quản lý tài sản thông tin | C49: 7.4.2.1 d) | D49: Kiểm tra phân quyền dữ liệu ≥ 1 lần/tháng | F49: Biên bản rà soát phân quyền | G49: Mới/khác so với cấp 4
A50: 7.4 | B50: Quản lý tài sản thông tin | C50: 7.4.2.1 e) | D50: Rà soát quy trình quản lý tài sản thông tin ≥ 1 lần/6 tháng hoặc khi thay đổi | F50: Lịch sử phiên bản quy trình | G50: Mới/khác so với cấp 4
A51: 7.4 | B51: Quản lý tài sản thông tin | C51: 7.4.2.2 a) | D51: Lập danh mục tài sản thông tin theo quy trình đã ban hành | F51: Danh mục tài sản thông tin
A52: 7.4 | B52: Quản lý tài sản thông tin | C52: 7.4.2.2 b) | D52: Cập nhật danh mục tài sản thông tin ≥ 1 lần/6 tháng hoặc khi thay đổi | F52: Ngày cập nhật danh mục | G52: Mới/khác so với cấp 4
A53: 7.4 | B53: Quản lý tài sản thông tin | C53: 7.4.2.3 | D53: Ma trận quyền truy cập của từng tài khoản/người dùng với từng loại tài sản thông tin | F53: Ma trận phân quyền (ACL)
A54: 7.4 | B54: Quản lý tài sản thông tin | C54: 7.4.2.4 a) | D54: Mã hóa (hoặc tương đương) thông tin xác thực, dữ liệu nhạy cảm cao, dữ liệu quan trọng khi lưu | F54: Cấu hình mã hóa (DB/đĩa/hash mật khẩu)
A55: 7.4 | B55: Quản lý tài sản thông tin | C55: 7.4.2.4 b) | D55: Bảo vệ thông tin xác thực, dữ liệu nhạy cảm cao/quan trọng khi truyền bằng mã hóa, ký số hoặc tương đương | F55: Cấu hình TLS/VPN, kết quả kiểm tra | G55: Mới/khác so với cấp 4
A56: 7.4 | B56: Quản lý tài sản thông tin | C56: 7.4.2.4 c) | D56: Dùng phương án chuyên dụng để bảo vệ, quản lý vòng đời khóa mã hóa | F56: Quy trình quản lý khóa, KMS | G56: Mới/khác so với cấp 4
A57: 7.4 | B57: Quản lý tài sản thông tin | C57: 7.4.2.4 d) | D57: Dữ liệu quan trọng được mã hóa ít nhất 2 lớp khi truyền qua mạng (kênh an toàn + mã hóa nội dung) | F57: Sơ đồ luồng mã hóa 2 lớp
A58: 7.4 | B58: Quản lý tài sản thông tin | C58: 7.4.2.4 e) | D58: Chỉ dùng thuật toán mã hóa mạnh, chưa bị tổ chức quốc tế công bố điểm yếu | F58: Danh mục thuật toán được phép
A59: 7.4 | B59: Quản lý tài sản thông tin | C59: 7.4.2.4 f) | D59: Dùng thiết bị phần cứng chuyên dụng cho mã hóa/giải mã (ví dụ HSM) | F59: Hồ sơ thiết bị mã hóa chuyên dụng | G59: Mới/khác so với cấp 4
A60: 7.4 | B60: Quản lý tài sản thông tin | C60: 7.4.2.5 a) | D60: Lưu dữ liệu quan trọng kèm mã kiểm tra toàn vẹn (checksum/hash/chữ ký) | F60: Thiết kế kiểm tra toàn vẹn
A61: 7.4 | B61: Quản lý tài sản thông tin | C61: 7.4.2.5 b) | D61: Giám sát, cảnh báo khi dữ liệu trên hệ thống/phương tiện lưu trữ bị thay đổi | F61: Cấu hình FIM, cảnh báo
A62: 7.4 | B62: Quản lý tài sản thông tin | C62: 7.4.2.5 c) | D62: Có phương án khôi phục tính toàn vẹn của dữ liệu | F62: Phương án khôi phục
A63: 7.4 | B63: Quản lý tài sản thông tin | C63: 7.4.2.6 a) | D63: Tài liệu hóa toàn bộ luồng dữ liệu trong HTTT | F63: Sơ đồ luồng dữ liệu
A64: 7.4 | B64: Quản lý tài sản thông tin | C64: 7.4.2.6 b) | D64: Áp dụng quy định quản lý phiên bản tài liệu | F64: Quy định quản lý tài liệu
A65: 7.4 | B65: Quản lý tài sản thông tin | C65: 7.4.2.6 c) | D65: Cập nhật tài liệu luồng dữ liệu ≥ 1 lần/năm hoặc khi thay đổi | F65: Lịch sử phiên bản
A66: 7.4 | B66: Quản lý tài sản thông tin | C66: 7.4.2.7 a) | D66: Có quy định về xử lý dữ liệu nhạy cảm | F66: Quy định xử lý dữ liệu
A67: 7.4 | B67: Quản lý tài sản thông tin | C67: 7.4.2.7 b) | D67: Tách môi trường xử lý/lưu dữ liệu nhạy cảm cao, quan trọng khỏi dữ liệu nhạy cảm thấp (logic/vật lý hoặc tương đương) | F67: Sơ đồ phân tách môi trường
A68: 7.4 | B68: Quản lý tài sản thông tin | C68: 7.4.2.7 c) | D68: Dùng kênh vật lý riêng hoặc tương đương khi truyền dữ liệu quan trọng/nhạy cảm cao qua mạng | F68: Thiết kế kênh truyền riêng
A69: 7.4 | B69: Quản lý tài sản thông tin | C69: 7.4.2.8 | D69: Triển khai giải pháp chống thất thoát dữ liệu (DLP) cho dữ liệu nhạy cảm cao/quan trọng | F69: Hồ sơ giải pháp DLP, chính sách
A70: 7.4 | B70: Quản lý tài sản thông tin | C70: 7.4.2.9 a) | D70: Ghi log mọi thao tác trên dữ liệu nhạy cảm cao/quan trọng | F70: Cấu hình audit log dữ liệu
A71: 7.4 | B71: Quản lý tài sản thông tin | C71: 7.4.2.9 b) | D71: Rà soát log truy cập dữ liệu quan trọng ≥ 1 lần/tháng | F71: Biên bản rà soát | G71: Mới/khác so với cấp 4
A72: 7.4 | B72: Quản lý tài sản thông tin | C72: 7.4.2.10 a) | D72: Dùng chữ ký số để ký, xác thực và kiểm tra toàn vẹn khi trao đổi dữ liệu nhạy cảm cao/quan trọng | F72: Quy định ký số, mẫu đã ký | G72: Mới/khác so với cấp 4
A73: 7.4 | B73: Quản lý tài sản thông tin | C73: 7.4.2.10 b) | D73: Chữ ký số do cơ quan có thẩm quyền hoặc tổ chức cung cấp dịch vụ được cấp phép cung cấp | F73: Chứng thư số, hợp đồng CA
A74: 7.4 | B74: Quản lý tài sản thông tin | C74: 7.4.2.10 c) | D74: Có phương án bảo đảm an ninh khi quản lý và sử dụng chữ ký số | F74: Quy định quản lý token/chứng thư
A75: 7.4 | B75: Quản lý tài sản thông tin | C75: 7.4.2.10 d) | D75: Dùng thiết bị, phương tiện chuyên dụng để ký và giải mã khi gửi/nhận | F75: Hồ sơ thiết bị ký chuyên dụng | G75: Mới/khác so với cấp 4
A76: 7.5 | B76: Cấu hình an toàn phần cứng, phần mềm | C76: 7.5.2.1 a) | D76: Ban hành quy định/quy trình cấu hình an toàn cho phần cứng và phần mềm | F76: Quy trình cấu hình an toàn
A77: 7.5 | B77: Cấu hình an toàn phần cứng, phần mềm | C77: 7.5.2.1 b) | D77: Có tài liệu cấu hình chuẩn/hardening; giao thức an toàn; tường lửa host; chống tự động đăng nhập trên tài sản xử lý dữ liệu quan trọng | F77: Baseline cấu hình (vd theo CIS), ảnh chụp cấu hình
A78: 7.5 | B78: Cấu hình an toàn phần cứng, phần mềm | C78: 7.5.2.1 c) | D78: Tắt giao thức mạng không an toàn và dịch vụ không dùng | F78: Kết quả quét cổng/dịch vụ
A79: 7.5 | B79: Cấu hình an toàn phần cứng, phần mềm | C79: 7.5.2.1 d) | D79: Hardening thiết bị trước khi đưa vào vận hành | F79: Checklist hardening trước go-live
A80: 7.5 | B80: Cấu hình an toàn phần cứng, phần mềm | C80: 7.5.2.1 e) | D80: Rà soát quy định và tài liệu cấu hình ≥ 1 lần/năm hoặc khi thay đổi | F80: Lịch sử phiên bản
A81: 7.5 | B81: Cấu hình an toàn phần cứng, phần mềm | C81: 7.5.2.2 a) | D81: Tự khóa phiên theo đánh giá rủi ro — gợi ý: máy người dùng ≤ 15'; phiên quản trị, di động ≤ 5'; phần mềm nghiệp vụ dữ liệu quan trọng ≤ 15' | F81: GPO/MDM/cấu hình timeout
A82: 7.5 | B82: Cấu hình an toàn phần cứng, phần mềm | C82: 7.5.2.2 a) | D82: Khóa khi đăng nhập sai — gợi ý: laptop, điện thoại ≤ 10 lần; phần mềm nghiệp vụ dữ liệu quan trọng ≤ 5 lần; khóa 12 giờ–30 ngày | F82: Cấu hình lockout
A83: 7.5 | B83: Cấu hình an toàn phần cứng, phần mềm | C83: 7.5.2.2 b) | D83: Có cơ chế mở khóa khẩn cấp cho quản trị viên/tài khoản đặc quyền | F83: Quy trình break-glass
A84: 7.5 | B84: Cấu hình an toàn phần cứng, phần mềm | C84: 7.5.2.3 | D84: Quy định gỡ bỏ/tắt tính năng, dịch vụ không cần thiết | F84: Quy định + checklist
A85: 7.5 | B85: Cấu hình an toàn phần cứng, phần mềm | C85: 7.5.2.4 | D85: Cấu hình máy chủ DNS tin cậy trên thiết bị (nếu có) | F85: Cấu hình DNS
A86: 7.5 | B86: Cấu hình an toàn phần cứng, phần mềm | C86: 7.5.2.5 | D86: Xóa được dữ liệu từ xa trên điện thoại, máy tính bảng do tổ chức cấp | F86: Hồ sơ MDM (remote wipe)
A87: 7.5 | B87: Cấu hình an toàn phần cứng, phần mềm | C87: 7.5.2.6 a) | D87: Quy định tách không gian làm việc riêng trên thiết bị di động cấp phát | F87: Quy định, cấu hình work profile
A88: 7.5 | B88: Cấu hình an toàn phần cứng, phần mềm | C88: 7.5.2.6 b) | D88: Có giải pháp kỹ thuật quản lý thiết bị di động khi kết nối hệ thống (MDM) | F88: Hồ sơ MDM | G88: Mới/khác so với cấp 4
A89: 7.6 | B89: Quản lý tài khoản và quyền truy cập | C89: 7.6.1 a) | D89: Quy trình, công cụ cấp/thu hồi quyền cho 4 loại tài khoản (quản trị, tác nghiệp, kỹ thuật, dịch vụ) theo vai trò | F89: Quy trình quản lý tài khoản
A90: 7.6 | B90: Quản lý tài khoản và quyền truy cập | C90: 7.6.1 c) | D90: Ghi log và giám sát hoạt động của tài khoản người dùng | F90: Cấu hình audit log đăng nhập
A91: 7.6 | B91: Quản lý tài khoản và quyền truy cập | C91: 7.6.2.1 a) | D91: Danh sách mọi tài khoản trên phần cứng và phần mềm | F91: Danh sách tài khoản
A92: 7.6 | B92: Quản lý tài khoản và quyền truy cập | C92: 7.6.2.1 b) | D92: Danh sách gồm tối thiểu: tài khoản quản trị, tác nghiệp, kỹ thuật | F92: Danh sách tài khoản phân loại
A93: 7.6 | B93: Quản lý tài khoản và quyền truy cập | C93: 7.6.2.1 c) | D93: Trường tối thiểu: loại, tên, trạng thái, hệ thống, người quản lý, phòng ban, ngày kích hoạt/vô hiệu; không còn tài khoản không hợp lệ | F93: Danh sách có đủ trường
A94: 7.6 | B94: Quản lý tài khoản và quyền truy cập | C94: 7.6.2.1 d) | D94: Rà soát danh sách tài khoản ≥ 1 lần/tháng | F94: Biên bản rà soát | G94: Mới/khác so với cấp 4
A95: 7.6 | B95: Quản lý tài khoản và quyền truy cập | C95: 7.6.2.2 a) | D95: Cấu hình bắt đổi mật khẩu mặc định; quy tắc độ dài, loại ký tự; thời hạn đổi và thời hạn hiệu lực mật khẩu | F95: Chính sách mật khẩu (GPO/IdP)
A96: 7.6 | B96: Quản lý tài khoản và quyền truy cập | C96: 7.6.2.2 b) | D96: Gợi ý: mật khẩu riêng cho từng tài sản hoặc xác thực tập trung; bắt đổi ở lần đăng nhập đầu | F96: Cấu hình IdP/SSO
A97: 7.6 | B97: Quản lý tài khoản và quyền truy cập | C97: 7.6.2.2 b) | D97: Gợi ý độ dài: ≥ 8 ký tự nếu có MFA; ≥ 14 ký tự gồm đủ 4 loại ký tự nếu không có MFA | F97: Chính sách mật khẩu
A98: 7.6 | B98: Quản lý tài khoản và quyền truy cập | C98: 7.6.2.2 b) | D98: Tài khoản quản trị: bật MFA, đổi mật khẩu 2 tháng/lần, không dùng lại 10 mật khẩu gần nhất | F98: Cấu hình MFA/lịch sử mật khẩu
A99: 7.6 | B99: Quản lý tài khoản và quyền truy cập | C99: 7.6.2.3 | D99: Dùng giải pháp PAM (hoặc tương đương) quản lý tài khoản đặc quyền | F99: Hồ sơ PAM
A100: 7.6 | B100: Quản lý tài khoản và quyền truy cập | C100: 7.6.2.3 | D100: Quản lý tài khoản tập trung | F100: Hồ sơ IdP/AD/LDAP
A101: 7.6 | B101: Quản lý tài khoản và quyền truy cập | C101: 7.6.2.3 | D101: Đổi hoặc vô hiệu hóa tài khoản mặc định (root, administrator, tài khoản cài sẵn của hãng) | F101: Danh sách tài khoản mặc định đã xử lý
...
