Workbook

Sheet Hướng dẫn
A1: BẢNG TÍNH QUẢN LÝ AN NINH MẠNG — HTTT CẤP ĐỘ 1, CẤP ĐỘ 2
A2: Tóm lược để tra cứu; khi lập hồ sơ phải đối chiếu bản chính thức TCVN 14423:2026 (mua tại VSQI). Cột yêu cầu là diễn giải ngắn, không phải nguyên văn tiêu chuẩn.
A4: Tổ chức (chủ quản) | B4: Công ty cổ phần Giải pháp Công nghệ TURBO
A5: Cấp độ đánh giá (nhập 1 hoặc 2) | B5: 2
A7: 1. Sheet 'A. Danh mục HTTT': danh sách hệ thống, cấp độ, tình trạng phê duyệt (nguồn cột 6 Mẫu 08).
A8: 2. Sheet 'B. Checklist': mỗi dòng là một yêu cầu TCVN 14423:2026 (mục 3 cấp 1, mục 4 cấp 2), diễn giải ngắn. Cột 'Áp dụng cho cấp đã chọn' tự tính theo ô Cấp độ ở trên. Ô vàng là ô cần điền; cột Kết quả chọn Đạt · Một phần · Chưa · N/A.
A9: 3. Dòng 'Chưa' / 'Một phần': chuyển sang sheet 'E. Kế hoạch khắc phục' (nguồn cột 10–11 Mẫu 08).
A10: 4. Sheet 'Tổng hợp' tự tính theo công thức; % Đạt = Đạt / (Số yêu cầu áp dụng − N/A).
A11: 5. Sheet 'C. Lịch định kỳ', 'D. Sổ sự cố': dùng quanh năm; căn cứ Kế hoạch ANM năm và Quy trình sự cố rút gọn.
A12: 6. Hệ thống nhiều cấp khác nhau: sao chép file, mỗi file một cấp; hoặc thêm cột Kết quả cho từng HTTT.
A13: Nguồn: docs/08-bo-mau-cap-1-2/checklist-cap-1-2.md. Căn cứ: NĐ 331/2026/NĐ-CP Đ28.5, Đ29, Đ30, Đ31.2.c, Đ33.3, Đ36.

Sheet Tổng hợp
A1: TỔNG HỢP KẾT QUẢ TỰ ĐÁNH GIÁ
A2: Tự tính từ sheet B theo cấp độ đã chọn ở sheet Hướng dẫn. % Đạt = Đạt / (Áp dụng − N/A).
A4: Nhóm | B4: Số yêu cầu áp dụng | C4: Đạt | D4: Một phần | E4: Chưa | F4: N/A | G4: Chưa điền | H4: % Đạt
A5: 1. Rủi ro | B5: =COUNTIFS('B. Checklist'!$B$5:$B$137,A5,'B. Checklist'!$H$5:$H$137,"Có") | C5: =COUNTIFS('B. Checklist'!$B$5:$B$137,A5,'B. Checklist'!$H$5:$H$137,"Có",'B. Checklist'!$I$5:$I$137,"Đạt") | D5: =COUNTIFS('B. Checklist'!$B$5:$B$137,A5,'B. Checklist'!$H$5:$H$137,"Có",'B. Checklist'!$I$5:$I$137,"Một phần") | E5: =COUNTIFS('B. Checklist'!$B$5:$B$137,A5,'B. Checklist'!$H$5:$H$137,"Có",'B. Checklist'!$I$5:$I$137,"Chưa") | F5: =COUNTIFS('B. Checklist'!$B$5:$B$137,A5,'B. Checklist'!$H$5:$H$137,"Có",'B. Checklist'!$I$5:$I$137,"N/A") | G5: =B5-SUM(C5:F5) | H5: =IF(B5-F5=0,"",C5/(B5-F5))
A6: 2. Tài sản phần cứng | B6: =COUNTIFS('B. Checklist'!$B$5:$B$137,A6,'B. Checklist'!$H$5:$H$137,"Có") | C6: =COUNTIFS('B. Checklist'!$B$5:$B$137,A6,'B. Checklist'!$H$5:$H$137,"Có",'B. Checklist'!$I$5:$I$137,"Đạt") | D6: =COUNTIFS('B. Checklist'!$B$5:$B$137,A6,'B. Checklist'!$H$5:$H$137,"Có",'B. Checklist'!$I$5:$I$137,"Một phần") | E6: =COUNTIFS('B. Checklist'!$B$5:$B$137,A6,'B. Checklist'!$H$5:$H$137,"Có",'B. Checklist'!$I$5:$I$137,"Chưa") | F6: =COUNTIFS('B. Checklist'!$B$5:$B$137,A6,'B. Checklist'!$H$5:$H$137,"Có",'B. Checklist'!$I$5:$I$137,"N/A") | G6: =B6-SUM(C6:F6) | H6: =IF(B6-F6=0,"",C6/(B6-F6))
A7: 3. Tài sản phần mềm | B7: =COUNTIFS('B. Checklist'!$B$5:$B$137,A7,'B. Checklist'!$H$5:$H$137,"Có") | C7: =COUNTIFS('B. Checklist'!$B$5:$B$137,A7,'B. Checklist'!$H$5:$H$137,"Có",'B. Checklist'!$I$5:$I$137,"Đạt") | D7: =COUNTIFS('B. Checklist'!$B$5:$B$137,A7,'B. Checklist'!$H$5:$H$137,"Có",'B. Checklist'!$I$5:$I$137,"Một phần") | E7: =COUNTIFS('B. Checklist'!$B$5:$B$137,A7,'B. Checklist'!$H$5:$H$137,"Có",'B. Checklist'!$I$5:$I$137,"Chưa") | F7: =COUNTIFS('B. Checklist'!$B$5:$B$137,A7,'B. Checklist'!$H$5:$H$137,"Có",'B. Checklist'!$I$5:$I$137,"N/A") | G7: =B7-SUM(C7:F7) | H7: =IF(B7-F7=0,"",C7/(B7-F7))
A8: 4. Tài sản thông tin | B8: =COUNTIFS('B. Checklist'!$B$5:$B$137,A8,'B. Checklist'!$H$5:$H$137,"Có") | C8: =COUNTIFS('B. Checklist'!$B$5:$B$137,A8,'B. Checklist'!$H$5:$H$137,"Có",'B. Checklist'!$I$5:$I$137,"Đạt") | D8: =COUNTIFS('B. Checklist'!$B$5:$B$137,A8,'B. Checklist'!$H$5:$H$137,"Có",'B. Checklist'!$I$5:$I$137,"Một phần") | E8: =COUNTIFS('B. Checklist'!$B$5:$B$137,A8,'B. Checklist'!$H$5:$H$137,"Có",'B. Checklist'!$I$5:$I$137,"Chưa") | F8: =COUNTIFS('B. Checklist'!$B$5:$B$137,A8,'B. Checklist'!$H$5:$H$137,"Có",'B. Checklist'!$I$5:$I$137,"N/A") | G8: =B8-SUM(C8:F8) | H8: =IF(B8-F8=0,"",C8/(B8-F8))
A9: 5. Cấu hình an toàn | B9: =COUNTIFS('B. Checklist'!$B$5:$B$137,A9,'B. Checklist'!$H$5:$H$137,"Có") | C9: =COUNTIFS('B. Checklist'!$B$5:$B$137,A9,'B. Checklist'!$H$5:$H$137,"Có",'B. Checklist'!$I$5:$I$137,"Đạt") | D9: =COUNTIFS('B. Checklist'!$B$5:$B$137,A9,'B. Checklist'!$H$5:$H$137,"Có",'B. Checklist'!$I$5:$I$137,"Một phần") | E9: =COUNTIFS('B. Checklist'!$B$5:$B$137,A9,'B. Checklist'!$H$5:$H$137,"Có",'B. Checklist'!$I$5:$I$137,"Chưa") | F9: =COUNTIFS('B. Checklist'!$B$5:$B$137,A9,'B. Checklist'!$H$5:$H$137,"Có",'B. Checklist'!$I$5:$I$137,"N/A") | G9: =B9-SUM(C9:F9) | H9: =IF(B9-F9=0,"",C9/(B9-F9))
A10: 6. Tài khoản, quyền truy cập | B10: =COUNTIFS('B. Checklist'!$B$5:$B$137,A10,'B. Checklist'!$H$5:$H$137,"Có") | C10: =COUNTIFS('B. Checklist'!$B$5:$B$137,A10,'B. Checklist'!$H$5:$H$137,"Có",'B. Checklist'!$I$5:$I$137,"Đạt") | D10: =COUNTIFS('B. Checklist'!$B$5:$B$137,A10,'B. Checklist'!$H$5:$H$137,"Có",'B. Checklist'!$I$5:$I$137,"Một phần") | E10: =COUNTIFS('B. Checklist'!$B$5:$B$137,A10,'B. Checklist'!$H$5:$H$137,"Có",'B. Checklist'!$I$5:$I$137,"Chưa") | F10: =COUNTIFS('B. Checklist'!$B$5:$B$137,A10,'B. Checklist'!$H$5:$H$137,"Có",'B. Checklist'!$I$5:$I$137,"N/A") | G10: =B10-SUM(C10:F10) | H10: =IF(B10-F10=0,"",C10/(B10-F10))
A11: 7. Lỗ hổng bảo mật | B11: =COUNTIFS('B. Checklist'!$B$5:$B$137,A11,'B. Checklist'!$H$5:$H$137,"Có") | C11: =COUNTIFS('B. Checklist'!$B$5:$B$137,A11,'B. Checklist'!$H$5:$H$137,"Có",'B. Checklist'!$I$5:$I$137,"Đạt") | D11: =COUNTIFS('B. Checklist'!$B$5:$B$137,A11,'B. Checklist'!$H$5:$H$137,"Có",'B. Checklist'!$I$5:$I$137,"Một phần") | E11: =COUNTIFS('B. Checklist'!$B$5:$B$137,A11,'B. Checklist'!$H$5:$H$137,"Có",'B. Checklist'!$I$5:$I$137,"Chưa") | F11: =COUNTIFS('B. Checklist'!$B$5:$B$137,A11,'B. Checklist'!$H$5:$H$137,"Có",'B. Checklist'!$I$5:$I$137,"N/A") | G11: =B11-SUM(C11:F11) | H11: =IF(B11-F11=0,"",C11/(B11-F11))
A12: 8. Nhật ký ANM | B12: =COUNTIFS('B. Checklist'!$B$5:$B$137,A12,'B. Checklist'!$H$5:$H$137,"Có") | C12: =COUNTIFS('B. Checklist'!$B$5:$B$137,A12,'B. Checklist'!$H$5:$H$137,"Có",'B. Checklist'!$I$5:$I$137,"Đạt") | D12: =COUNTIFS('B. Checklist'!$B$5:$B$137,A12,'B. Checklist'!$H$5:$H$137,"Có",'B. Checklist'!$I$5:$I$137,"Một phần") | E12: =COUNTIFS('B. Checklist'!$B$5:$B$137,A12,'B. Checklist'!$H$5:$H$137,"Có",'B. Checklist'!$I$5:$I$137,"Chưa") | F12: =COUNTIFS('B. Checklist'!$B$5:$B$137,A12,'B. Checklist'!$H$5:$H$137,"Có",'B. Checklist'!$I$5:$I$137,"N/A") | G12: =B12-SUM(C12:F12) | H12: =IF(B12-F12=0,"",C12/(B12-F12))
A13: 9. Trình duyệt, thư điện tử | B13: =COUNTIFS('B. Checklist'!$B$5:$B$137,A13,'B. Checklist'!$H$5:$H$137,"Có") | C13: =COUNTIFS('B. Checklist'!$B$5:$B$137,A13,'B. Checklist'!$H$5:$H$137,"Có",'B. Checklist'!$I$5:$I$137,"Đạt") | D13: =COUNTIFS('B. Checklist'!$B$5:$B$137,A13,'B. Checklist'!$H$5:$H$137,"Có",'B. Checklist'!$I$5:$I$137,"Một phần") | E13: =COUNTIFS('B. Checklist'!$B$5:$B$137,A13,'B. Checklist'!$H$5:$H$137,"Có",'B. Checklist'!$I$5:$I$137,"Chưa") | F13: =COUNTIFS('B. Checklist'!$B$5:$B$137,A13,'B. Checklist'!$H$5:$H$137,"Có",'B. Checklist'!$I$5:$I$137,"N/A") | G13: =B13-SUM(C13:F13) | H13: =IF(B13-F13=0,"",C13/(B13-F13))
A14: 10. Phòng chống mã độc | B14: =COUNTIFS('B. Checklist'!$B$5:$B$137,A14,'B. Checklist'!$H$5:$H$137,"Có") | C14: =COUNTIFS('B. Checklist'!$B$5:$B$137,A14,'B. Checklist'!$H$5:$H$137,"Có",'B. Checklist'!$I$5:$I$137,"Đạt") | D14: =COUNTIFS('B. Checklist'!$B$5:$B$137,A14,'B. Checklist'!$H$5:$H$137,"Có",'B. Checklist'!$I$5:$I$137,"Một phần") | E14: =COUNTIFS('B. Checklist'!$B$5:$B$137,A14,'B. Checklist'!$H$5:$H$137,"Có",'B. Checklist'!$I$5:$I$137,"Chưa") | F14: =COUNTIFS('B. Checklist'!$B$5:$B$137,A14,'B. Checklist'!$H$5:$H$137,"Có",'B. Checklist'!$I$5:$I$137,"N/A") | G14: =B14-SUM(C14:F14) | H14: =IF(B14-F14=0,"",C14/(B14-F14))
A15: 11. Sao lưu, khôi phục | B15: =COUNTIFS('B. Checklist'!$B$5:$B$137,A15,'B. Checklist'!$H$5:$H$137,"Có") | C15: =COUNTIFS('B. Checklist'!$B$5:$B$137,A15,'B. Checklist'!$H$5:$H$137,"Có",'B. Checklist'!$I$5:$I$137,"Đạt") | D15: =COUNTIFS('B. Checklist'!$B$5:$B$137,A15,'B. Checklist'!$H$5:$H$137,"Có",'B. Checklist'!$I$5:$I$137,"Một phần") | E15: =COUNTIFS('B. Checklist'!$B$5:$B$137,A15,'B. Checklist'!$H$5:$H$137,"Có",'B. Checklist'!$I$5:$I$137,"Chưa") | F15: =COUNTIFS('B. Checklist'!$B$5:$B$137,A15,'B. Checklist'!$H$5:$H$137,"Có",'B. Checklist'!$I$5:$I$137,"N/A") | G15: =B15-SUM(C15:F15) | H15: =IF(B15-F15=0,"",C15/(B15-F15))
A16: 12. Hạ tầng mạng | B16: =COUNTIFS('B. Checklist'!$B$5:$B$137,A16,'B. Checklist'!$H$5:$H$137,"Có") | C16: =COUNTIFS('B. Checklist'!$B$5:$B$137,A16,'B. Checklist'!$H$5:$H$137,"Có",'B. Checklist'!$I$5:$I$137,"Đạt") | D16: =COUNTIFS('B. Checklist'!$B$5:$B$137,A16,'B. Checklist'!$H$5:$H$137,"Có",'B. Checklist'!$I$5:$I$137,"Một phần") | E16: =COUNTIFS('B. Checklist'!$B$5:$B$137,A16,'B. Checklist'!$H$5:$H$137,"Có",'B. Checklist'!$I$5:$I$137,"Chưa") | F16: =COUNTIFS('B. Checklist'!$B$5:$B$137,A16,'B. Checklist'!$H$5:$H$137,"Có",'B. Checklist'!$I$5:$I$137,"N/A") | G16: =B16-SUM(C16:F16) | H16: =IF(B16-F16=0,"",C16/(B16-F16))
... A19: 15. Ứng phó sự cố | B19: =COUNTIFS('B. Checklist'!$B$5:$B$137,A19,'B. Checklist'!$H$5:$H$137,"Có") | C19: =COUNTIFS('B. Checklist'!$B$5:$B$137,A19,'B. Checklist'!$H$5:$H$137,"Có",'B. Checklist'!$I$5:$I$137,"Đạt") | D19: =COUNTIFS('B. Checklist'!$B$5:$B$137,A19,'B. Checklist'!$H$5:$H$137,"Có",'B. Checklist'!$I$5:$I$137,"Một phần") | E19: =COUNTIFS('B. Checklist'!$B$5:$B$137,A19,'B. Checklist'!$H$5:$H$137,"Có",'B. Checklist'!$I$5:$I$137,"Chưa") | F19: =COUNTIFS('B. Checklist'!$B$5:$B$137,A19,'B. Checklist'!$H$5:$H$137,"Có",'B. Checklist'!$I$5:$I$137,"N/A") | G19: =B19-SUM(C19:F19) | H19: =IF(B19-F19=0,"",C19/(B19-F19))
A20: Tổng | B20: =SUM(B5:B19) | C20: =SUM(C5:C19) | D20: =SUM(D5:D19) | E20: =SUM(E5:E19) | F20: =SUM(F5:F19) | G20: =SUM(G5:G19) | H20: =IF(B20-F20=0,"",C20/(B20-F20))

Sheet A. Danh mục HTTT
A1: A. DANH MỤC HỆ THỐNG THÔNG TIN
A2: Hàng mẫu minh họa (dữ liệu mô phỏng) — thay bằng dữ liệu của tổ chức.
A4: Mã | B4: Tên HTTT | C4: Phạm vi, thông tin xử lý | D4: Đơn vị vận hành | E4: Cấp độ | F4: Tiêu chí (NĐ 331) | G4: Tình trạng phê duyệt (Mẫu 08 cột 6) | H4: QĐ phê duyệt
A5: HT-02-INTRANET | B5: Cổng thông tin nội bộ (Intranet) – văn phòng điện tử, thư điện tử nội bộ | C5: Nội bộ; văn bản điều hành, thông tin cá nhân nhân viên; thư điện tử trên dịch vụ đám mây | D5: Phòng Vận hành hệ thống | E5: 2 | F5: Đ12.1 | G5: Đã được phê duyệt | H5: 03/2026/QĐ-PANM ngày 26/10/2026
A6: HT-03-ERP | B6: Hệ thống kế toán – nhân sự nội bộ (ERP) | C6: Nội bộ; dữ liệu kế toán, tiền lương, hồ sơ nhân sự | D6: Phòng Vận hành hệ thống | E6: 2 | F6: Đ12.1 | G6: Đã được phê duyệt | H6: 03/2026/QĐ-PANM ngày 26/10/2026
A7: HT-04-LAN | B7: Hạ tầng mạng nội bộ trụ sở (LAN, Wi-Fi, Active Directory) | C7: Hạ tầng phục vụ một tổ chức; tài khoản nhân viên | D7: Phòng Vận hành hệ thống | E7: 2 | F7: Đ12.3 | G7: Đã được phê duyệt | H7: 03/2026/QĐ-PANM ngày 26/10/2026
A8: HT-05-BANGTIN | B8: Hệ thống màn hình bảng tin điện tử tại sảnh | C8: Chỉ hiển thị thông tin công khai; không có tài khoản người dùng | D8: Phòng Vận hành hệ thống | E8: 1 | F8: Đ11.1 | G8: Đã được phê duyệt | H8: 03/2026/QĐ-PANM ngày 26/10/2026

Sheet B. Checklist
A1: B. CHECKLIST TCVN 14423:2026 MỤC 3 (CẤP 1) VÀ MỤC 4 (CẤP 2)
A2: Tóm lược để tra cứu; khi lập hồ sơ phải đối chiếu bản chính thức TCVN 14423:2026 (mua tại VSQI). Cột yêu cầu là diễn giải ngắn, không phải nguyên văn tiêu chuẩn.
A4: Mã | B4: Nhóm | C4: Yêu cầu (diễn giải ngắn) | D4: Mục TCVN cấp 1 | E4: Mục TCVN cấp 2 | F4: Áp dụng | G4: Bằng chứng gợi ý | H4: Áp dụng cho cấp đã chọn | I4: Kết quả | J4: Ghi chú, bằng chứng thực tế | K4: Người phụ trách | L4: Hạn khắc phục
A5: C12-01-01 | B5: 1. Rủi ro | C5: Ban hành quy định/quy trình quản lý rủi ro đủ 4 bước: nhận diện, phân tích, đánh giá, xử lý | D5: 3.1 a) | E5: 4.1 a) | F5: C1+C2 | G5: Quy trình QLRR đã ký ban hành | H5: =IF('Hướng dẫn'!$B$5=1,IF(LEFT(F5,6)="chỉ C2","Không","Có"),IF(LEFT(F5,6)="chỉ C1","Khuyến nghị","Có"))
A6: C12-01-02 | B6: 1. Rủi ro | C6: Rà soát quy trình QLRR và tài liệu kèm theo ≥ 1 lần/năm hoặc khi tổ chức thay đổi | D6: 3.1 b) | E6: 4.1 b) | F6: C1+C2 | G6: Biên bản rà soát, lịch sử phiên bản | H6: =IF('Hướng dẫn'!$B$5=1,IF(LEFT(F6,6)="chỉ C2","Không","Có"),IF(LEFT(F6,6)="chỉ C1","Khuyến nghị","Có"))
A7: C12-02-01 | B7: 2. Tài sản phần cứng | C7: Danh mục toàn bộ phần cứng của HTTT, kể cả thiết bị bên ngoài có kết nối vào; xác định tài sản cần giám sát | D7: 3.2.1 a) | E7: 4.2.1 a) | F7: C1+C2 | G7: Danh mục tài sản phần cứng | H7: =IF('Hướng dẫn'!$B$5=1,IF(LEFT(F7,6)="chỉ C2","Không","Có"),IF(LEFT(F7,6)="chỉ C1","Khuyến nghị","Có"))
A8: C12-02-02 | B8: 2. Tài sản phần cứng | C8: Phát hiện tài sản vô chủ/trái phép để loại bỏ hoặc đưa vào quản lý | D8: 3.2.1 b) | E8: 4.2.1 b) | F8: C1+C2 | G8: Báo cáo rà soát tài sản | H8: =IF('Hướng dẫn'!$B$5=1,IF(LEFT(F8,6)="chỉ C2","Không","Có"),IF(LEFT(F8,6)="chỉ C1","Khuyến nghị","Có"))
A9: C12-02-03 | B9: 2. Tài sản phần cứng | C9: Kiểm kê, cập nhật danh mục ≥ 1 lần/năm (C1: phần cứng; C2: mọi tài sản của HTTT) | D9: 3.2.1 c) | E9: 4.2.1 c) | F9: C1+C2 | G9: Biên bản kiểm kê | H9: =IF('Hướng dẫn'!$B$5=1,IF(LEFT(F9,6)="chỉ C2","Không","Có"),IF(LEFT(F9,6)="chỉ C1","Khuyến nghị","Có"))
A10: C12-02-04 | B10: 2. Tài sản phần cứng | C10: Danh mục phủ mọi thiết bị lưu trữ/xử lý dữ liệu: đầu cuối, di động, lưu trữ ngoài, văn phòng, mạng, OT/IoT, máy chủ vật lý/ảo/cloud | D10: 3.2.2.1 a) | E10: 4.2.2.1 a) | F10: C1+C2 | G10: Danh mục tài sản (CMDB/bảng tính) | H10: =IF('Hướng dẫn'!$B$5=1,IF(LEFT(F10,6)="chỉ C2","Không","Có"),IF(LEFT(F10,6)="chỉ C1","Khuyến nghị","Có"))
A11: C12-02-05 | B11: 2. Tài sản phần cứng | C11: Trường tối thiểu: tên, IP tĩnh, MAC/serial, hạn hỗ trợ của hãng, vị trí địa lý và trong mạng, mục đích, tình trạng; gán người chịu trách nhiệm | D11: 3.2.2.1 b) | E11: 4.2.2.1 b) | F11: C1+C2 | G11: Danh mục có đủ trường, cột người phụ trách | H11: =IF('Hướng dẫn'!$B$5=1,IF(LEFT(F11,6)="chỉ C2","Không","Có"),IF(LEFT(F11,6)="chỉ C1","Khuyến nghị","Có"))
A12: C12-02-06 | B12: 2. Tài sản phần cứng | C12: Đăng ký thiết bị di động được phép kết nối; quy định trách nhiệm cá nhân khi dùng cho công việc | D12: 3.2.2.1 c) | E12: 4.2.2.1 c) | F12: C1+C2 | G12: Sổ đăng ký thiết bị di động, quy định sử dụng | H12: =IF('Hướng dẫn'!$B$5=1,IF(LEFT(F12,6)="chỉ C2","Không","Có"),IF(LEFT(F12,6)="chỉ C1","Khuyến nghị","Có"))
A13: C12-02-07 | B13: 2. Tài sản phần cứng | C13: Quy trình phát hiện, xử lý thiết bị lạ kết nối trái phép, thực hiện ≥ 1 lần/năm | D13: 3.2.2.2 a) | E13: 4.2.2.2 a) | F13: C1+C2 | G13: Quy trình + kết quả các lần rà soát | H13: =IF('Hướng dẫn'!$B$5=1,IF(LEFT(F13,6)="chỉ C2","Không","Có"),IF(LEFT(F13,6)="chỉ C1","Khuyến nghị","Có"))
A14: C12-02-08 | B14: 2. Tài sản phần cứng | C14: Xử lý thiết bị trái phép bằng cách gỡ bỏ, từ chối kết nối hoặc cách ly | D14: 3.2.2.2 b) | E14: 4.2.2.2 b) | F14: C1+C2 | G14: Nhật ký xử lý | H14: =IF('Hướng dẫn'!$B$5=1,IF(LEFT(F14,6)="chỉ C2","Không","Có"),IF(LEFT(F14,6)="chỉ C1","Khuyến nghị","Có"))
A15: C12-02-09 | B15: 2. Tài sản phần cứng | C15: Có phương án xóa sạch dữ liệu khi chuyển giao hoặc đổi mục đích sử dụng phần cứng | D15: — | E15: 4.2.2.3 | F15: chỉ C2 | G15: Quy trình xóa dữ liệu, biên bản xóa | H15: =IF('Hướng dẫn'!$B$5=1,IF(LEFT(F15,6)="chỉ C2","Không","Có"),IF(LEFT(F15,6)="chỉ C1","Khuyến nghị","Có"))
A16: C12-03-01 | B16: 3. Tài sản phần mềm | C16: Quản lý danh mục phần mềm; chỉ phần mềm đã phê duyệt mới được cài và dùng | D16: 3.3.1 a) | E16: 4.3.1 a) | F16: C1+C2 | G16: Danh mục phần mềm, quy trình phê duyệt | H16: =IF('Hướng dẫn'!$B$5=1,IF(LEFT(F16,6)="chỉ C2","Không","Có"),IF(LEFT(F16,6)="chỉ C1","Khuyến nghị","Có"))
... A137: C12-15-11 | B137: 15. Ứng phó sự cố | C137: Cập nhật quy trình ứng phó ≥ 1 lần/năm hoặc khi thay đổi | D137: 3.15.2.3 b) | E137: 4.15.2.3 b) | F137: C1+C2 | G137: Lịch sử phiên bản | H137: =IF('Hướng dẫn'!$B$5=1,IF(LEFT(F137,6)="chỉ C2","Không","Có"),IF(LEFT(F137,6)="chỉ C1","Khuyến nghị","Có"))

Sheet C. Lịch định kỳ
A1: C. LỊCH HOẠT ĐỘNG ĐỊNH KỲ
A2: Tần suất tối thiểu theo TCVN 14423:2026 và NĐ 331; Quy chế của tổ chức có thể quy định dày hơn.
A4: Hoạt động | B4: Tần suất cấp 1 | C4: Tần suất cấp 2 | D4: Căn cứ
A5: Rà soát quy trình quản lý rủi ro; đánh giá lại rủi ro | B5: ≥ 1 lần/năm; và khi thay đổi | C5: ≥ 1 lần/năm; và khi thay đổi | D5: TCVN 3.1 b, 4.1 b; NĐ 331 Đ10.2
A6: Kiểm kê, cập nhật danh mục tài sản | B6: Phần cứng, phần mềm ≥ 1 lần/năm | C6: Mọi tài sản ≥ 1 lần/năm | D6: TCVN 3.2.1 c, 3.3.1 b; 4.2.1 c, 4.3.1 b
A7: Rà thiết bị lạ, phần mềm trái phép | B7: ≥ 1 lần/năm | C7: ≥ 1 lần/năm | D7: TCVN 3.2.2.2, 3.3.2.2; 4.2.2.2, 4.3.2.2
A8: Kiểm tra phân quyền dữ liệu; cập nhật danh mục tài sản thông tin | B8: ≥ 1 lần/năm | C8: ≥ 1 lần/năm | D8: TCVN 3.4.2.1 c, 3.4.2.2 b; 4.4.2.1 d, 4.4.2.2 b
A9: Rà soát danh sách tài khoản | B9: ≥ 1 lần/năm | C9: ≥ 1 lần/năm | D9: TCVN 3.6.2.1 d, 4.6.2.1 d
A10: Vô hiệu hóa tài khoản không hoạt động | B10: Sau 45 ngày hoặc ngay khi đổi nhân sự | C10: Sau 45 ngày hoặc ngay khi đổi nhân sự | D10: TCVN 3.6.2.3, 4.6.2.3
A11: Đổi mật khẩu tài khoản quản trị (gợi ý) | B11: ≥ 1 lần/2 tháng | C11: ≥ 1 lần/2 tháng | D11: TCVN 3.6.2.2 b, 4.6.2.2 b
A12: Rà quét lỗ hổng; rà soát quy trình quản lý lỗ hổng | B12: ≥ 1 lần/năm hoặc khi thay đổi | C12: ≥ 1 lần/năm hoặc khi thay đổi | D12: TCVN 3.7.2.1 b, 4.7.2.1 b
A13: Cập nhật bản vá máy tính, thiết bị di động của người dùng | B13: ≥ 1 lần/tháng | C13: ≥ 1 lần/tháng | D13: TCVN 3.7.2.2, 4.7.2.2
A14: Rà soát nhật ký ANM | B14: ≥ 1 lần/năm | C14: ≥ 1 lần/năm | D14: TCVN 3.8.2.1 a, 4.8.2.1 a
A15: Thời gian lưu nhật ký | B15: Không quy định (theo Quy chế) | C15: ≥ 1 tháng; ≥ 12 tháng nếu là hệ thống cung cấp dịch vụ trên mạng thuộc diện NĐ 333 Đ16 | D15: TCVN 4.8.2.1 a; NĐ 333 Đ16.6.c
... A26: Xác định lại cấp độ | B26: Khi thay đổi chức năng, phạm vi, dữ liệu, công nghệ, kết nối; sau sự cố nghiêm trọng | C26: Như cấp 1 | D26: NĐ 331 Đ10.2.b–đ, Đ25

Sheet D. Sổ sự cố
A1: D. SỔ THEO DÕI SỰ CỐ AN NINH MẠNG
A2: Hàng đầu là ví dụ mô phỏng. Sự cố nghiêm trọng: thông báo ban đầu 24 giờ, báo cáo 72 giờ (NĐ 331 Đ31.2.d); vi phạm DLCN: 72 giờ (Luật 91 Đ23).
A4: Mã sự cố | B4: HTTT | C4: T0 (phát hiện) | D4: Nhóm | E4: Mức | F4: Mô tả tóm tắt | G4: DLCN bị ảnh hưởng | H4: Báo cáo BCA (loại, thời điểm gửi) | I4: Thông báo DLCN (thời điểm) | J4: Biện pháp đã làm | K4: Ngày đóng | L4: Người xử lý | M4: Bài học, việc tiếp theo
A5: SC-2027-001 | B5: HT-02-INTRANET | C5: 10/03/2027 09:15 | D5: Lừa đảo, giả mạo | E5: Thông thường | F5: 01 nhân viên nhập mật khẩu vào trang đăng nhập giả mạo và chấp nhận nhầm yêu cầu xác thực MFA; hộp thư bị đăng nhập từ địa chỉ 192.0.2.77 | G5: Không (đã rà hộp thư, không có dữ liệu nhân sự bị chuyển ra ngoài) | H5: Báo cáo 72 giờ, gửi 12/03/2027 15:00 | I5: Không thuộc diện | J5: Khóa tài khoản, thu hồi phiên đăng nhập, đổi mật khẩu, đăng ký lại MFA, chặn tên miền giả mạo trên bộ lọc | K5: 11/03/2027 | L5: Đỗ Văn Giang | M5: Bổ sung nhận diện thư giả mạo vào đào tạo tháng 4; chuyển MFA sang hình thức đối chiếu số

Sheet E. Kế hoạch khắc phục
A1: E. KẾ HOẠCH KHẮC PHỤC TỒN TẠI
A2: Hai cột cuối là nguồn cột 10–11 Mẫu 08 (báo cáo năm, NĐ 331 Đ36).
A4: STT | B4: HTTT | C4: Mã yêu cầu (sheet B) | D4: Tồn tại, chưa đáp ứng | E4: Biện pháp khắc phục | F4: Chủ trì | G4: Hạn hoàn thành (→ Mẫu 08 cột 11) | H4: Tình trạng (→ Mẫu 08 cột 10)
A5: 1 | B5: HT-03-ERP | C5: C12-11-05 | D5: Bản sao lưu ERP nằm trên NAS cùng phòng máy, chưa tách biệt, chưa quản lý phiên bản | E5: Bổ sung bản sao lưu tách biệt có quản lý phiên bản (ổ lưu trữ luân phiên cất ngoài phòng máy hoặc dịch vụ lưu trữ đặt tại Việt Nam) | F5: Phòng Vận hành hệ thống | G5: 31/12/2026 (theo QĐ 03/2026/QĐ-PANM) | H5: Đã hoàn thành
A6: 2 | B6: HT-04-LAN | C6: C12-02-09 | D6: Chưa có quy trình xóa sạch dữ liệu khi thanh lý, chuyển giao máy tính, ổ cứng | E6: Ban hành quy trình xóa dữ liệu, dùng công cụ xóa an toàn, lập biên bản cho từng lần thanh lý | F6: Phòng Vận hành hệ thống | G6: 30/06/2027 | H6: Chưa thực hiện
A7: 3 | B7: HT-02-INTRANET | C7: C12-08-05 | D7: Nhật ký Intranet chỉ lưu 7 ngày | E7: Chuyển nhật ký về máy chủ nhật ký tập trung, giữ theo thời hạn của Quy chế | F7: Phòng Vận hành hệ thống | G7: 28/02/2027 | H7: Đã hoàn thành
